sub	ses	runtype	tr_0	tr_1	tr_2	tr_3	tr_4	tr_5	tr_6	tr_7	tr_8	tr_9	tr_10	tr_11	tr_12	tr_13	tr_14	tr_15	tr_16	tr_17	tr_18	tr_19
sub-0025	ses-01	pain	-0.4991921906872148	0.07748066819569573	0.15733344719744374	-0.2507471116003978	-0.711712837590815	0.7510826646189234	-0.3677516417330119	0.12053479967875845	0.1505212767811955	0.12704187189266727	-0.0571716868407898	-0.09181902020171874	-0.07761106972799008	-0.3358784130701199	0.35166340768788706	-0.3440848266019065	0.1761035526422717	0.4360810293564529	0.29320215273538863	0.04895838424162204
sub-0025	ses-03	pain	-0.21773170983272025	-0.08969524875568434	0.06625000537531307	0.16769893242349634	-0.15044861766220505	-1.6684576200466354	1.3910943636738415	-0.34458473482821145	-0.5207128307114851	1.3666575888132102	-0.42405155859362953	-0.14654688221683695	-1.0067280741458515	1.5189383071725893	-0.9308440692051355	0.529416664042862	-1.590061900572816	0.8784284624389259	-0.6539926426002051	0.8998619271016485
sub-0025	ses-04	pain	-0.49095967865916657	1.0870904604273002	-1.3892597563013973	1.4451185534065025	-1.9703548378787277	1.472031140533734	-0.5705573566731195	-0.2543652227358871	1.2366238665201146	-0.02380327328534396	0.20081264672819144	-0.4865697698064454	-0.7174388137664318	1.1803825035231588	1.4555977862421092	-2.3049349061686004	0.749624875154012	-1.0031610809584839	1.6569960279369471	0.5246914791248081
