sub	ses	runtype	tr_0	tr_1	tr_2	tr_3	tr_4	tr_5	tr_6	tr_7	tr_8	tr_9	tr_10	tr_11	tr_12	tr_13	tr_14	tr_15	tr_16	tr_17	tr_18	tr_19
sub-0025	ses-01	pain	-0.16636338289240554	0.29397133148535154	0.14852059613605784	-0.44656369490723	0.53195120983866	-1.106623227280549	0.49826277517705764	0.007904823987335148	-0.4075419459689061	0.5423881973427251	-1.1353595596830202	0.8232513328922045	0.07007435849542676	-0.4262251999645288	0.07252181444868284	0.0908837089142185	-0.6098674306604996	0.5903551192186326	0.04270157357761406	-0.09890492680753489
sub-0025	ses-03	pain	-0.06888523601488132	-0.5362118341957265	0.29129674460254856	-0.18461742219650545	0.47814843869233764	-0.5556722863487774	0.4951970907573269	-0.4560887713756122	0.36160314702155705	-0.3764433559390238	0.23740568336331094	-0.09613301499099135	-0.29195847420240634	-0.2417899145424758	0.4693627677514587	-0.042577229289581804	0.011260818585747314	0.3955609281839138	-0.08236890938649706	0.11995861607411282
sub-0025	ses-04	pain	-0.6779563219681184	-0.150899288946044	0.5609452258613118	0.28752701717533324	-0.1041219224109748	-0.4452981207001061	-0.47857140042807317	0.7678996280819418	0.7823392926307648	-0.7529028785337418	-0.5525405080624756	-0.30170216858217364	1.0466619272321105	-0.806176961321483	1.150812936576938	-0.9146529631323044	1.0909770771364484	-1.798042431006373	1.5390505042008373	-0.06652307039184617
