sub	ses	runtype	tr_0	tr_1	tr_2	tr_3	tr_4	tr_5	tr_6	tr_7	tr_8	tr_9	tr_10	tr_11	tr_12	tr_13	tr_14	tr_15	tr_16	tr_17	tr_18	tr_19
sub-0025	ses-01	pain	-0.48024268586660135	0.4547631851272924	-0.4687810632274814	0.6927684569663672	-0.47181868912151337	-0.28044119358063974	-0.012274407185942394	0.2597719893428472	-0.05433329221575671	0.4800322122969085	-0.7983028002228072	0.34381880145036686	0.1350849530605667	-0.3511139998694421	0.5852772936375396	-0.24098666067385227	-0.09188771747508356	0.16578346502827007	0.10648865587688607	0.2514482776813858
sub-0025	ses-03	pain	0.18492307947908398	-0.8602738784769426	1.1522904204117768	-0.6487606879743795	0.5771232372592915	-1.2273775549954837	0.7816910661703421	-0.14240041075430482	-0.2121901827277477	0.31506485608287543	0.030302447327967524	0.5059194652373767	-1.510427163599732	1.3620131315950903	-0.8838218467525606	0.6755656061892317	-1.309355873271723	0.8369328670208461	-0.15324080229049866	-0.015783247375784855
sub-0025	ses-04	pain	-0.6942161833712474	0.6444210158487659	-1.0900975463017772	2.6693499337824464	-3.000597194780679	1.4363650080406916	-0.7467559579245195	0.3416484702557446	0.8059345733109686	-0.20450021603271987	-0.32785672188021076	0.24801646448075582	-0.5538284586628158	0.4314799855270189	0.9644257421859825	-2.364017162358693	1.5523900306792735	-0.49857496157385206	0.35002340384187747	-0.03607611328608391
