sub	ses	runtype	tr_0	tr_1	tr_2	tr_3	tr_4	tr_5	tr_6	tr_7	tr_8	tr_9	tr_10	tr_11	tr_12	tr_13	tr_14	tr_15	tr_16	tr_17	tr_18	tr_19
sub-0002	ses-01	pain	0.9226710172732124	0.03554596284375745	-0.0878829591927546	0.36899283616238066	-0.03924427913564883	0.33104456228014734	-0.49120217350466006	-0.744907352974633	1.3463217079468122	-0.3797430186787316	0.6909218418932588	0.48849749674470083	0.14250653673889335	0.6104739993212223	0.5803181469098407	1.0206024608655715	-0.49813875705049687	0.08026315987980168	-0.2062236952729737	2.210096910416365
sub-0002	ses-03	pain	-0.055304833356294256	0.7593796430988109	-0.6159063510063764	-0.051787839076091725	-0.3929205070158392	0.3495428139440231	-0.3172715551082313	0.0972510288767598	1.014261103407866	-0.2092834954947959	-0.022247889343725565	-0.4167782154129666	0.8269800659965612	-0.3074692499565654	-0.4036930218320395	0.1850465411612868	0.520458782239548	0.3350017001540303	-0.09585701700718394	0.6526655091260328
sub-0002	ses-04	pain	1.7400712969062528	-1.1078667713774288	-0.15373956518068202	-0.943087296442613	2.1173545307445165	-14.350748166237278	129.5262913604061	-114.99082777386263	-2.2211266792261424	1.1351614723976242	-0.08768897400014623	0.8152884112789253	0.19391651015929395	-0.09072482030303362	-0.7910438753889513	0.44793050285322955	0.15063547765787091	0.6245429397602065	1.0543133004804068	-1.1625651295266932
