event01_cue_onset	event02_expect_displayonset	event03_stimulus_displayonset	event04_actual_displayonset	param_cue_type	param_stimulus_type	event02_expect_RT	event02_expect_angle	event04_actual_RT	event04_actual_angle	cue_con	stim_lin	stim_quad
4.773410081863403	7.20766019821167	17.770100116729736	27.198500156402588	high_cue	low_stim	3.06805372238159	64.68711619812589	1.9845471382141104	29.8590161649231	1	-1	1
33.08404016494751	34.88472008705139	46.1701500415802	56.09266996383667	low_cue	low_stim	2.0176248550415	4.38103783180802	1.78881406784058	14.3700015151793	-1	-1	1
61.07788014411926	63.195340156555176	71.76997017860413	81.38550019264221	low_cue	med_stim	2.36961221694946	6.21337526527838	2.28504133224487	21.3706222693432	-1	0	-2
86.47074007987976	89.58858013153076	100.77033019065857	110.09628009796143	low_cue	high_stim	2.4511604309082	16.7652025082104	2.46861410140991	57.4582464400049	-1	1	1
114.78136992454529	117.18227005004883	124.57473015785217	133.88854002952576	high_cue	med_stim	1.58413052558899	69.7409613447019	3.2763121128082298	123.351443930163	1	0	-2
138.47359013557434	140.57438015937805	147.86952018737793	157.58077001571655	high_cue	high_stim	2.24057936668396	108.733361642917	1.65087270736694	58.915451420222304	1	1	1
163.48298025131226	165.5837700366974	178.36948013305664	197.59578013420105	high_cue	low_stim	1.63418054580688	72.2995722113328	3.0359313488006605	26.667731675599	1	-1	1
209.38354015350342	211.48433017730713	218.36947011947632	229.6911599636078	high_cue	high_stim	2.38444185256958	38.9824969671543	1.49071431159973	77.6960764459401	1	1	1
234.57633018493652	237.677490234375	252.46919012069702	265.0877802371979	low_cue	low_stim	2.0710828304290803	13.7015104923465	3.1513078212738	18.5811112087015	-1	-1	1
270.9733200073242	274.074490070343	285.3692800998688	296.58294010162354	low_cue	med_stim	1.8241887092590297	27.8014587799341	3.8349845409393297	32.9052429229879	-1	0	-2
317.5741500854492	319.9750499725342	327.3690302371979	337.0814700126648	low_cue	high_stim	3.3903563022613503	16.9847325319886	1.55071616172791	36.3648998459456	-1	1	1
358.07268023490906	361.17384004592896	377.46955013275146	394.0861999988556	high_cue	med_stim	3.77505230903625	65.498768551379	2.00103497505188	32.2245330172405	1	0	-2
