sub	ses	runtype	tr_0	tr_1	tr_2	tr_3	tr_4	tr_5	tr_6	tr_7	tr_8	tr_9	tr_10	tr_11	tr_12	tr_13	tr_14	tr_15	tr_16	tr_17	tr_18	tr_19
sub-0005	ses-01	pain	0.5316673110311284	-0.0974463725434955	-0.390232644788353	0.22384230978452632	0.06909778948068292	-0.20139693871406325	0.11913922847379971	-0.3193418311330257	-0.0387484558219678	0.09773611820533515	0.13922720764256868	0.3775078117948483	-0.18308145488580937	-0.332551402869994	0.5705885809232316	-0.5120252648273378	0.24095238371784106	-0.21654044250101984	0.13912911969899863	-0.08821800191743108
sub-0005	ses-03	pain	0.017800511421071353	0.024799459812641467	0.10827507986177488	-0.10785544056002513	0.20560258845106935	-0.2620887888083975	0.47663816786482466	-0.1354706773848098	-0.20899795774492458	0.4311798649314103	-0.16031342508511928	-0.09164458326314208	0.04286976747019753	0.07604631040078422	-0.13633596908041945	0.19215348420496203	-0.40129577251097054	0.47296819409070917	-0.3025914040390432	-0.010888246464070737
sub-0005	ses-04	pain	-0.38792450090547026	0.9138702143676274	-1.5984394664043893	0.6605309297965466	0.423751685090121	-0.21348628114437182	0.4038567173421452	0.08114116841760653	1.0930915074537433	-1.9089757658798716	1.6786169532172774	-1.5556666932005547	2.317558231372244	-2.570302181868333	0.4888837500548559	0.8287920853168946	-0.4053334479707993	-0.4983604044349411	1.2346827635497564	-0.3460883785554568
