sub	ses	runtype	tr_0	tr_1	tr_2	tr_3	tr_4	tr_5	tr_6	tr_7	tr_8	tr_9	tr_10	tr_11	tr_12	tr_13	tr_14	tr_15	tr_16	tr_17	tr_18	tr_19
sub-0004	ses-01	pain	1.0634810344974688	-0.6174176306576823	0.009997983081618636	0.48865550317828016	-0.04058687663708756	-0.39831752105836216	0.45887489534421283	-0.1375011681797065	1.1612256104960068	-0.15022438967995955	0.44079189534901225	0.9577545780430091	-0.5885926703287886	1.78851041955006	-1.774240898496625	0.7100737475766618	0.3641556162400435	-0.16338984134894238	-0.003150487519873879	1.0264787763910008
sub-0004	ses-03	pain	1.7056090371153936	-0.8199908630557005	-0.31410162896784277	-0.02118071089769849	-0.18023581641817712	0.0860559959377464	-0.17761263624675988	1.5168645715706162	-0.6013363594444783	0.15003258888156287	1.845711165382518	-0.18354210446471922	0.31642234273580366	-0.4373934668392515	0.19282304223237956	-1.1648711714440376	2.525676939118084	-1.1156552872218506	0.36392924578502905	2.324938021421616
sub-0004	ses-04	pain	-0.07480895032180623	0.06077255541782602	-0.10579096098920635	-0.40902758642272474	0.733171147046895	-0.6160071271804732	0.2388943769077874	-0.3324448553335695	-0.3690902868051515	0.4237926108544603	-0.2972849437335465	0.7437977316451547	0.6901332181514467	-0.5676012652764311	0.7229436198013975	-1.0036532093876103	-0.7413680286576267	1.749779961635352	-1.3959322597274435	2.4817249983689362
