sub	ses	runtype	tr_0	tr_1	tr_2	tr_3	tr_4	tr_5	tr_6	tr_7	tr_8	tr_9	tr_10	tr_11	tr_12	tr_13	tr_14	tr_15	tr_16	tr_17	tr_18	tr_19
sub-0004	ses-01	pain	0.4928560714904775	-0.4618803006609206	0.1290943390512815	0.2310384244444092	-0.10576489844206903	0.10825855749023164	1.0482380547571906	0.1273862927776342	0.20063783010960345	0.0316168154417063	-0.41050951660988716	0.9549031969240325	-0.022143339461471904	0.31216576839229304	-0.7540737135301954	0.15484140717925005	0.33517158641883377	0.12024474794599983	0.191407160909053	-0.11449266748012019
sub-0004	ses-03	pain	0.8541842487655111	-0.8212821374506903	0.6417464970510798	-0.9713218940355672	0.5319727461795111	-0.5740115504304838	0.2796741512342806	0.8662586284000167	-0.4313666806257783	0.41024743026232324	0.8448321957284499	0.07336969477960743	-0.14080166530481833	-0.021944317148748376	0.16962729355998096	-0.37068573820340567	0.5778354120755121	0.25943756754426056	0.19768986584692574	0.7330190528748802
sub-0004	ses-04	pain	0.10261472422869149	0.6475318783906715	-1.1801524208734533	0.8454049274137528	0.042636924913434744	-0.8578696114884545	1.2473337880390152	-1.5484486999317406	1.236075542260459	0.009176790548277641	0.10070946336669044	-0.3898097670804077	0.6328274199652171	-1.2289149783677176	0.7048587333972264	0.038244088080391106	-0.45655448551061056	1.1212930250433397	-1.4500729366514475	1.5154840101001867
