sub	ses	runtype	tr_0	tr_1	tr_2	tr_3	tr_4	tr_5	tr_6	tr_7	tr_8	tr_9	tr_10	tr_11	tr_12	tr_13	tr_14	tr_15	tr_16	tr_17	tr_18	tr_19
sub-0107	ses-01	pain	0.4696476542347925	-0.18247473983901238	-0.4929823879709908	0.17482766913866604	0.33936340005089655	-0.2821882684383764	-0.08973703036903447	0.6705185178031166	-0.8293503918517762	0.5751137036873604	-0.4714908810440619	0.9331797058121187	-0.1169095986032575	0.11571781184059657	-0.5171678389791529	0.7746298039606281	-0.17639805198014796	-0.05307917069521937	-0.0032903134980804415	0.02545949515101049
sub-0107	ses-03	pain	0.8046772080251781	-0.649172854875721	0.1053520092247527	-0.38066593743990756	0.7559780966961911	-0.33131099481424237	-0.47643580626527393	0.6148428901901092	0.17485188994389747	-0.7784260168988345	0.5959125443373705	0.08730014869664608	-0.12590685658022505	0.3242382493545773	0.200946170543681	0.16179820500224365	-0.8314636812740356	0.8677415732645302	-0.584579123600708	0.6474235488502162
sub-0107	ses-04	pain	0.12270305230820057	0.3658128164855859	-0.11069375215965067	0.646610587990928	-0.09698953194535952	-0.45261994197067784	1.0879477045750985	-1.5130698310885415	1.0193019872659306	-0.8864917724922818	0.9613686078628105	0.31500660591231194	0.08114790120782323	-0.8713443742068645	0.9131311892242548	-0.3669349676930475	0.9160760035377401	-0.5696828401960955	0.3346722053341623	-0.3932281849783765
