event01_cue_onset	event02_expect_displayonset	event03_stimulus_displayonset	event04_actual_displayonset	param_cue_type	param_stimulus_type	event02_expect_RT	event02_expect_angle	event04_actual_RT	event04_actual_angle	cue_con	stim_lin	stim_quad
4.086849927902222	7.2046799659729	14.483490228652954	23.694159984588623	high_cue	med_stim	2.42040038108826	63.1246859015714	2.01754307746887	31.0938754140105	1	0	-2
33.49781012535095	36.59896993637085	49.48344016075134	62.408600091934204	low_cue	low_stim	2.11769223213196	1.15036306132966	2.2509777545929	2.0700306530411003	-1	-1	1
71.59536004066467	73.5961000919342	86.48345994949341	97.10487008094788	high_cue	low_stim	1.6342096328735398	42.8667595213854	1.77015447616577	34.6513159120045	1	-1	1
105.59137010574341	108.69252014160156	119.88348007202148	127.49954009056091	high_cue	high_stim	1.2839536666870102	52.3471701791164	2.2088854312896697	61.792509120984704	1	1	1
132.8015100955963	135.9026701450348	143.1870300769806	152.40882992744446	high_cue	low_stim	1.83906841278076	39.77605240373161	2.16764950752258	18.5811112087015	1	-1	1
163.2962200641632	165.29696989059448	176.48274993896484	184.5041298866272	high_cue	med_stim	1.66747283935547	57.5468082676272	1.3210241794586202	29.8590161649231	1	0	-2
196.89208006858826	199.29297995567322	207.88249015808105	224.40233993530273	low_cue	high_stim	2.35106730461121	2.79270236571328	2.4560763835907005	60.7671825424757	-1	1	1
231.38828015327454	234.28936004638672	242.88274002075195	256.9978301525116	low_cue	med_stim	1.4357800483703602	2.3090627890256803	2.7345118522644003	0.0	-1	0	-2
270.38615012168884	272.2035000324249	280.78264021873474	292.3943600654602	high_cue	high_stim	2.6881856918335	37.9760343038434	1.48429393768311	25.1278241807561	1	1	1
297.6963400840759	300.197270154953	308.28262996673584	318.0039200782776	low_cue	med_stim	1.6341724395752	16.2323506611562	1.3545129299163798	1.87021809574846	-1	0	-2
327.19067001342773	329.09137988090515	346.58273005485535	367.00552010536194	low_cue	low_stim	1.8342800140380904	2.07837024536197	2.3196229934692405	2.54994901296018	-1	-1	1
372.5909402370453	374.59168004989624	386.3824601173401	394.39907002449036	low_cue	high_stim	1.8008861541748	0.4735080587349261	2.10091972351074	87.6909372109743	-1	1	1
