sub	ses	runtype	tr_0	tr_1	tr_2	tr_3	tr_4	tr_5	tr_6	tr_7	tr_8	tr_9	tr_10	tr_11	tr_12	tr_13	tr_14	tr_15	tr_16	tr_17	tr_18	tr_19
sub-0011	ses-01	pain	-0.16684258591417442	0.24153995708137255	-0.30108691263593046	-0.15745554193305167	0.3226018100537981	0.17892616394544644	0.1484579801923308	-0.06790957043989101	-0.2986552199166707	0.24105098713965806	-0.09545879554032571	-0.06585581715799284	0.4863401601995141	-0.2415619230279571	0.49842753351572433	-0.5156595182453219	0.4385751807205191	-0.09063199184340293	0.3750255810479413	-0.41890787242805366
sub-0011	ses-03	pain	0.5087587757008628	-0.8409904931482707	-0.06267493917135873	0.8789909332034215	-1.464690277933115	1.5561589487940806	-0.9059787128004121	-0.4360808935394984	0.7630035561837777	-0.7070356090363891	1.105099123287019	-0.37264234015216313	-0.4860026288095873	0.8772693094926935	-0.16418914648944227	-1.1112825738819931	1.4132330172651522	-1.4152251171369645	1.0516366655835	0.024446788687659548
sub-0011	ses-04	pain	0.22811056701468455	-0.0698556048236735	-0.8358940244493073	1.0132209546992443	-0.5879878016995521	-0.08083752871179681	0.31891244962142873	-1.042125339782479	1.4811939268543606	-1.1679506173287901	1.7611434501546197	-1.6036313592601006	1.940937886157822	-1.7944022459686382	1.1558429973401259	-0.7799554393538658	0.5128204061128537	-0.16561514744631178	-0.43173289733691506	1.0488174666793153
