sub	ses	runtype	tr_0	tr_1	tr_2	tr_3	tr_4	tr_5	tr_6	tr_7	tr_8	tr_9	tr_10	tr_11	tr_12	tr_13	tr_14	tr_15	tr_16	tr_17	tr_18	tr_19
sub-0011	ses-01	pain	-0.6359541651536169	0.6131599804984973	-0.813737092784311	0.7300222528093306	-0.4124752180415505	0.4553213393335832	0.4781170679456966	-0.6797027045515524	0.48532735322830606	-0.44277917003436446	0.3844667144727229	-0.18115019441958874	0.1254861529322844	0.11298921919369896	0.08716083798829342	0.0005297225837121508	0.14331020993784727	0.13373299985672596	-0.45884624659105416	0.04616868240535803
sub-0011	ses-03	pain	-0.15497498180814626	-0.18283974873436623	-0.7343849817618667	0.5673286909381123	0.2326628258411032	-0.36436989311455903	0.45933634115396793	-1.3046834078176617	1.7666870282324025	-1.5805043492516253	1.183224934921034	-0.5429822747054559	0.955680588401323	-1.0668747449583933	0.6997003966022481	0.3587476076875462	-0.1975992799860608	-0.9737860722529373	0.137663097699179	0.5195985058793595
sub-0011	ses-04	pain	0.2889737308477127	0.53160012195403	-0.8352528366852193	0.294399736473888	-0.4977685334644369	0.8907468315763959	-0.6025978191233069	0.0878173132790485	0.3269082852874786	0.14280609281223489	-0.7062682055439166	1.080538957352348	0.030506903996651995	-1.3731004239099134	1.277746897961167	-0.6894423464069263	0.6567267683190705	-0.7687849425115162	0.35943951799293844	0.6760044565318898
