sub	ses	runtype	tr_0	tr_1	tr_2	tr_3	tr_4	tr_5	tr_6	tr_7	tr_8	tr_9	tr_10	tr_11	tr_12	tr_13	tr_14	tr_15	tr_16	tr_17	tr_18	tr_19
sub-0080	ses-01	pain	0.5080273286217512	-0.32605804125485205	0.5356415832172041	-0.42924699500330177	-0.0032083632466709078	0.15648203920716222	-0.24968955195527504	0.5644792061126045	0.367748225291378	-0.528292535466755	0.1622691743738121	0.5961995629972369	-0.42773434574063496	0.5845272972415718	-0.13305369557083632	0.3485210494075135	0.19112301379679958	-0.038780748354029386	-0.08311144362650345	0.24861857082059
sub-0080	ses-03	pain	-0.4102080512685573	0.7718295237436839	-0.8435707515479787	0.5968442358643572	-0.19965223590112458	0.44008560261843627	-0.8279251791133801	1.0143920705154956	-0.5847201868768809	0.3031636152252651	-0.2600996925211048	0.01065186758657688	0.4732530667294541	-0.11310182173642007	-0.3335284320605755	0.2700860393137025	0.3753503878555054	-0.28751058503161375	0.37072427866707874	0.01731782317710053
sub-0080	ses-04	pain	-0.6837054317439833	0.2448294274893299	0.764181396916359	-0.6743380953425019	0.3926628519278206	-0.5249032572560721	0.3530115955382179	0.5171342194559814	-0.5546434673508955	-0.05781716614488869	-0.01903967793123798	-0.06513360124533614	-0.011950497421953832	0.49125395451379705	-0.553322943448295	0.47130309619284205	0.09227613216690081	0.14407379316345936	-0.5582212280277008	0.22812244961061462
