sub	ses	runtype	tr_0	tr_1	tr_2	tr_3	tr_4	tr_5	tr_6	tr_7	tr_8	tr_9	tr_10	tr_11	tr_12	tr_13	tr_14	tr_15	tr_16	tr_17	tr_18	tr_19
sub-0080	ses-01	pain	0.3817079687279237	-1.098232699323991	1.4207708073338559	-1.3983656414684122	0.6407382854199881	-0.4437545789187753	0.522472827538952	-0.031510832159353526	0.7906539886170844	-1.120182737972985	0.9965327578493111	0.18807691709766575	-0.4364548926166999	1.2998267394171388	-0.5841611523474999	0.35034897270888576	-0.04708420396948341	0.8573203387103164	0.3123130237163598	-0.4513583705661731
sub-0080	ses-03	pain	-0.4527462971050091	0.09065131524664236	0.26304514168478815	-0.3349579816618391	0.7876416237293934	-0.11994500828781944	-0.5297499302583492	0.7543410216176205	-0.3403126292841061	0.8480738339535403	-1.3597992287899194	0.7628172359155366	0.03767872446296977	0.7242103399430555	0.10804466012917847	0.1897748137683106	-0.24069852799855698	0.6084034894330792	0.031531147224318344	-0.04442803165086373
sub-0080	ses-04	pain	-0.012395350584910361	-0.08930493222747941	0.8424930748845672	-0.5597990755298907	0.5493805194631304	-0.8647868933379148	-0.048366550454644865	0.8779884067128308	-0.8183510559066562	0.6280809652089157	-0.648545221094564	0.47646766596823414	0.264803438569226	0.1646047670645778	-0.5434094313275418	0.7140066925550015	-0.8595969810920981	0.7717893890215176	-0.9427056643048601	0.8880000404918265
