sub	ses	runtype	tr_0	tr_1	tr_2	tr_3	tr_4	tr_5	tr_6	tr_7	tr_8	tr_9	tr_10	tr_11	tr_12	tr_13	tr_14	tr_15	tr_16	tr_17	tr_18	tr_19
sub-0003	ses-01	pain	-0.02663127630329801	0.3561102081068439	-0.41105468783334326	-0.269342631375011	0.6282654601348919	-0.8166462050021013	0.4685212321295476	0.14238849962061936	0.5825772088833421	-0.7700027049002943	0.5307917446819962	0.18154828275827062	0.11637334648575237	-0.3203577639198497	0.16511551182776546	0.3015303741848304	-0.5458720891398992	1.0165623015401308	-0.5476175378709108	0.3998507225985321
sub-0003	ses-03	pain	-0.0355869193006922	0.4834753782745389	0.1875261242983267	-0.16416564975868797	-0.5996204123110382	0.8935724240100174	-0.24450349144797223	-0.10058475956597342	0.8079985712218053	-0.5560350758598925	0.4543307223483548	-0.32725959594921933	0.14910440986411083	0.43075171994149847	-0.21610832455003395	0.13806445117775354	0.49818336783122036	0.19599062526874347	0.16698563859426307	0.7615926512778685
sub-0003	ses-04	pain	0.1794140106958584	-0.08238780935480557	-0.36844441993982247	1.1167258744097541	-1.0602814186915672	0.7311634803960697	-0.7147216375553807	0.3770443070269965	-0.07461471078742156	-0.3842032779257912	0.5797134268632472	-0.277137692322291	-0.16768994748562147	0.5006433438556087	-0.3522246682713179	0.8613839811009885	-0.6648183017104135	0.6576901111897296	-0.2819750714202765	0.21967413861162988
