sub	ses	runtype	tr_0	tr_1	tr_2	tr_3	tr_4	tr_5	tr_6	tr_7	tr_8	tr_9	tr_10	tr_11	tr_12	tr_13	tr_14	tr_15	tr_16	tr_17	tr_18	tr_19
sub-0057	ses-01	pain	0.04401685567044308	0.07300881532262993	-0.03438515048194925	-0.3282733874057213	-0.2887245534467595	0.30579078499041085	-0.22685277292508885	0.32051054508227955	-0.38196626606354217	0.004876616070921791	-0.1001884529489303	0.3791329658231094	0.08071514480678464	-0.06977403487268362	-0.3686948298393173	-0.31323282519762596	0.12582490122721532	-0.17659884091262182	0.19718024148550303	0.07618207133191202
sub-0057	ses-03	pain	-0.22827796469072484	0.058022384619253936	0.09464687664329983	-0.4332065587467742	0.4409079360689103	-0.22458120679097116	0.19930294661565517	-0.12502642678703488	-0.39959311181234647	0.34602960275165534	-0.5533609607477817	0.2655290084434121	-0.05040682507255371	0.27255823894513237	-0.7002190187981409	0.2676166081222672	-0.27076813248813686	0.2290523346770195	-0.4106134727635868	0.07861603100060119
sub-0057	ses-04	pain	-0.1689417847801735	0.20038814264177407	-0.20484090034016794	-0.2716435052629573	0.07328307406327998	0.5597336390693712	-0.7372853249362642	0.3278638454094904	-0.11886011562896069	0.47986295328686107	0.006893036271826493	-0.19439235655466203	0.13589380978718865	-0.08245498655934705	-0.5924618583905973	0.5408624904832509	0.09768244821430547	-0.9499476091721362	0.6455461731809947	0.06665368045096778
