event01_cue_onset	event02_expect_displayonset	event03_stimulus_displayonset	event04_actual_displayonset	param_cue_type	param_stimulus_type	event02_expect_RT	event02_expect_angle	event04_actual_RT	event04_actual_angle	cue_con	stim_lin	stim_quad
4.988739967346191	7.606640100479126	18.78594994544983	28.79990005493164	low_cue	high_stim	1.70095467567444	4.36351139166193	1.48711729049683	64.0521146779984	-1	1	1
37.38726019859314	39.7050199508667	51.98381018638611	65.50045013427734	high_cue	med_stim	1.70204091072083	83.0470425318261	1.6235134601593	12.7533002545757	1	0	-2
70.68620991706848	73.00396990776062	79.88335990905762	88.3111400604248	low_cue	low_stim	2.03747153282166	9.04466653441065	2.5013461112976096	7.18234077150849	-1	-1	1
100.20005011558533	102.80127000808716	110.1834499835968	123.7110800743103	high_cue	low_stim	1.15065860748291	73.4548354777898	2.13513875007629	32.2245330172405	1	-1	1
132.59858012199402	135.19980001449585	147.48365998268127	156.4097399711609	low_cue	med_stim	3.21827530860901	17.4093027469569	1.9729518890380904	76.0752267795906	-1	0	-2
165.2972400188446	167.59832000732422	179.78359985351562	190.60911011695862	high_cue	high_stim	1.76873779296875	100.902944831752	2.2179274559021	54.782407031807296	1	1	1
199.39656019210815	201.79768991470337	214.0836501121521	231.01138997077942	low_cue	low_stim	2.17282867431641	10.2221686336361	2.35126280784607	4.05168383782845	-1	-1	1
236.3972499370575	239.09851002693176	247.3836600780487	261.20887994766235	low_cue	high_stim	2.10120606422424	8.85200409938944	1.63428330421448	101.173838241815	-1	1	1
266.49468994140625	269.6961901187897	280.18427991867065	290.7060399055481	high_cue	high_stim	1.7676906585693402	87.6909372109743	1.67299270629883	62.686725581702994	1	1	1
304.49584007263184	307.3971998691559	319.58349990844727	329.70766019821167	high_cue	med_stim	1.35084581375122	80.0453930564443	2.6348328590393097	19.1694698571768	1	0	-2
335.89389991760254	338.2950201034546	346.58352994918823	358.3044102191925	high_cue	low_stim	1.37176156044006	71.7146481726805	1.86771893501282	5.54977942321874	1	-1	1
371.19377994537354	373.09467005729675	385.1836700439453	394.90489983558655	low_cue	med_stim	1.82551550865173	5.51984634486569	3.91861724853516	10.7192752593735	-1	0	-2
