sub	ses	runtype	tr_0	tr_1	tr_2	tr_3	tr_4	tr_5	tr_6	tr_7	tr_8	tr_9	tr_10	tr_11	tr_12	tr_13	tr_14	tr_15	tr_16	tr_17	tr_18	tr_19
sub-0122	ses-01	pain	0.020536926096796918	0.06293099818776028	-0.09295174110232797	-0.35802904850597683	0.15143993237117917	-0.0019179623640301932	0.6388039845395658	-0.46853435600278076	0.35912662485832053	-0.16563960321483961	0.27619585232253535	-0.266856172117584	0.07549963936663134	0.06435889680584461	-0.0651878830601298	-0.13648954551058384	-0.12901755506776053	0.6096532983945024	-0.34750583470429414	0.05737598220945588
sub-0122	ses-03	pain	0.4027046815030703	-0.1202781094177085	-0.5339657281288214	0.7585362698358866	-0.5547312679208277	0.009975889650835037	0.2962586230995799	0.39657729968178773	-0.4503858077199893	0.46135199146261474	-0.21977922743899386	0.10811940492811437	0.19130548994319627	-0.21733078492173613	0.24888960315828382	-0.08888443651180113	-0.1461077142607085	0.4361811595697702	-0.2976807649138831	0.15435178334402477
sub-0122	ses-04	pain	0.35352162671311477	-0.18765300291880127	-0.1969223249683588	0.24307690346550823	-0.26818330650850064	0.3419789961090769	-0.996903898347882	0.5987904315282048	-0.063918341728866	0.5674717390342987	-0.7048352087625651	0.4822955455269413	-0.0523642286062186	-0.3563032599626023	0.7311427350173683	-0.6511222388707039	0.5253482958349548	-0.49412283919906996	0.30809844508977163	-0.006160847955079619
