sub	ses	runtype	tr_0	tr_1	tr_2	tr_3	tr_4	tr_5	tr_6	tr_7	tr_8	tr_9	tr_10	tr_11	tr_12	tr_13	tr_14	tr_15	tr_16	tr_17	tr_18	tr_19
sub-0122	ses-01	pain	0.10749923477480662	0.20795263434130784	-0.8331983583760273	0.7957379182745508	-0.5661035213265673	0.40633660121177334	-0.1451352935576657	0.0003919961366166419	0.42333219859821175	-0.5419717613502075	1.246591181606566	-1.323839076172817	0.852610144261177	-1.0400749922729424	1.2861812258473877	-1.3390084882365874	1.6160476908210084	-1.6699746765857915	1.7183783476058923	-0.651466419896341
sub-0122	ses-03	pain	0.5191388586075304	-0.47354339795867595	0.4696221222073005	-0.28676070570858947	-0.32029643765394133	0.9400287207018396	-0.7073242403330858	0.3621885795780666	0.11244317141737008	0.3679657826579807	-0.33908746030044323	-0.1381828909963759	0.34205079435580077	0.19312711355271336	-0.03085166643610599	-0.4644521329513754	0.7314212767597714	-0.047177700871458304	-0.8343073967618165	1.0376349301718995
sub-0122	ses-04	pain	0.4664849163289053	-0.279776272922303	0.2736615396531272	-0.17032262669781226	-0.2049009222218836	0.30805886786622483	-0.10199752123997093	-0.29759077635642067	0.9632447800381406	-0.08843317283653591	-0.160811089577756	-0.6140824883934127	-0.09026023943724108	-0.061785867235361294	0.1244893556459841	0.029519299723327588	-0.13215664692806198	-5.031014832692434	5.598153117886634	0.12207812601175488
