sub	ses	runtype	tr_0	tr_1	tr_2	tr_3	tr_4	tr_5	tr_6	tr_7	tr_8	tr_9	tr_10	tr_11	tr_12	tr_13	tr_14	tr_15	tr_16	tr_17	tr_18	tr_19
sub-0122	ses-01	pain	0.09525020435524509	0.22866386214599596	-0.8550001328800596	1.5690154299698738	-2.3589406634331826	2.301717624597315	-1.0018925934717504	0.5395824336291494	-0.801283086119622	0.8014992753067198	-1.1133700439780136	1.795564780543634	-1.8963743666724249	1.457658352258504	-0.771555645498233	-0.15355164345243244	0.7224796222762709	-0.278229659218914	0.15776604776365702	-0.376149605752534
sub-0122	ses-03	pain	0.19930307721336527	0.2141637660056296	-0.6488386413741205	0.6144215155834213	-0.8964071550084973	0.38006479647366836	0.011922689994968759	0.10380025045134361	0.004568178474518113	0.3021724692450088	-0.014835997552743037	0.30597280810863287	-0.5460418119217465	0.3446807218217658	0.12716909939411938	-0.6467594019454727	0.004258462875421962	0.7941018039686453	-0.18052300387802786	0.4589318798436657
sub-0122	ses-04	pain	0.3464233296653739	0.37623933700833767	-0.8223400708429618	0.40140697849532186	0.4016351180146523	-0.5517357957595346	-0.12710152846009093	-0.34423929032153544	0.45726144247352957	0.21378129551111316	-0.4749975831591028	0.5209556076401605	0.41533877410002784	-1.0320864641715126	1.1136428698168146	-0.5301724748232375	0.34365003131857114	0.19584429494946773	-0.6461877821568303	0.6633407494960232
