sub	ses	runtype	tr_0	tr_1	tr_2	tr_3	tr_4	tr_5	tr_6	tr_7	tr_8	tr_9	tr_10	tr_11	tr_12	tr_13	tr_14	tr_15	tr_16	tr_17	tr_18	tr_19
sub-0104	ses-01	pain	-0.0075011451423657085	0.19637214695279845	0.3634439665559607	-0.37744702612273295	0.23957013000556673	0.08170372541022085	-0.3437728654044809	0.5649544156461108	-0.25263792804117285	0.06302395895272735	-0.22885795651755497	0.1795738547279513	-0.19427525907693238	0.46496027807755413	0.15868704177599643	-0.9245441955352987	0.9973146516706543	-0.9716624842970036	0.7581605653524168	-0.6221220672135969
sub-0104	ses-03	pain	-0.2284881148109206	0.32502744966093977	0.3803960350868446	-0.7044480000574339	0.9433394992117605	-0.5154800729409391	0.18954126291010523	-0.3232487842203965	0.3136915201415911	-0.5974036207373531	0.249810963356946	0.23722212405864238	-0.27185739206718096	0.2931028509891124	-0.5418486911145898	0.6591288076470314	-0.14384061845034013	0.19985021245209117	-0.03314321984168573	-0.47328599500220997
sub-0104	ses-04	pain	0.3411848785800726	-0.2654518094524863	0.1828569452876738	0.46380634712969865	-1.1730389100144951	1.6339433229341467	-1.2326431915025104	1.0295612509495808	-0.04147022605466382	0.3405309736593838	-0.3040521836685369	0.6151160330186374	-0.5495419563109861	1.0147822527988355	0.1648690857274079	-1.4291818774272704	1.5769790114123658	-1.410607371046129	0.6017738972277895	-0.11337003863917865
