event01_cue_onset	event02_expect_displayonset	event03_stimulus_displayonset	event04_actual_displayonset	param_cue_type	param_stimulus_type	event02_expect_RT	event02_expect_angle	event04_actual_RT	event04_actual_angle	cue_con	stim_lin	stim_quad
4.103360176086426	7.221189975738525	14.494080066680908	23.710669994354248	high_cue	med_stim	2.65111231803894	6.83343729090925	2.4345455169677703	26.0488869473132	1	0	-2
33.4976601600647	36.59880995750427	49.493980169296265	62.40844011306763	low_cue	low_stim	1.62322449684143	3.28386228790636	1.7174572944641102	0.0	-1	-1	1
71.6118700504303	73.61262011528015	86.49269986152649	97.1213800907135	high_cue	low_stim	3.80160450935364	14.1476053870017	2.18426847457886	18.5077515531349	1	-1	1
105.60788011550903	108.70904016494751	119.89387011528015	127.51604986190796	high_cue	high_stim	1.90093851089478	47.927347991740895	2.57276368141174	74.1808060524999	1	1	1
132.80136013031006	135.9025101661682	143.197900056839	152.40866994857788	high_cue	low_stim	2.06954431533813	64.16545651719089	1.5841979980468797	9.6887865603668	1	-1	1
163.29606008529663	165.3134801387787	176.49334001541138	184.5206401348114	high_cue	med_stim	2.2843570709228502	29.0322839679456	2.11817336082458	46.4604825118437	1	0	-2
196.9086000919342	199.30948996543884	207.89318990707397	224.41885995864868	low_cue	high_stim	1.7175581455230702	2.7702157972001897	2.42000794410706	50.25380275126229	-1	1	1
231.40479016304016	234.30588006973267	242.8932101726532	257.0143401622772	low_cue	med_stim	1.5008180141449	18.7257878452726	2.24107027053833	2.0700306530411003	-1	0	-2
270.4026701450348	272.20334005355835	280.79342007637024	292.41088008880615	high_cue	high_stim	2.18537640571594	18.9432630612515	3.66821336746216	18.5077515531349	1	1	1
297.69618010520935	300.21378993988037	308.2926800251007	318.0204300880432	low_cue	med_stim	1.6007976531982402	11.1291892896112	2.88495874404907	3.56153308896311	-1	0	-2
327.2071900367737	329.1078999042511	346.59326004981995	367.00536012649536	low_cue	low_stim	2.43453907966614	5.049166467582861	2.6178956031799303	0.6958659395087939	-1	-1	1
372.60745000839233	374.6082000732422	386.3932399749756	394.415580034256	low_cue	high_stim	1.8842830657959	5.31989391780685	1.53990292549133	83.3303801576877	-1	1	1
