sub	ses	runtype	tr_0	tr_1	tr_2	tr_3	tr_4	tr_5	tr_6	tr_7	tr_8	tr_9	tr_10	tr_11	tr_12	tr_13	tr_14	tr_15	tr_16	tr_17	tr_18	tr_19
sub-0115	ses-01	pain	0.4279016304151173	-0.25622678165616647	-0.37153206329361643	0.9008629674800899	-0.01766288670723218	-0.20615279536873501	0.17005921851470907	-0.49996753957471807	-0.17797810256420207	1.2008818677542608	-0.8703441147236379	0.5075945577582064	-0.6774073998285561	-0.07367309227273512	0.7724576543916215	-0.47886607839563927	-0.2916563526326874	1.0151906559206676	-1.4303395262287233	0.7319497000976977
sub-0115	ses-03	pain	-0.15680064099958693	-0.5909969393313902	0.741481651149589	-0.02209136649688438	-0.3204759605140976	0.08234277798200261	0.24002247633562615	0.15548722001333837	-0.5123177049098764	0.1715910168136102	0.23970353469628305	-0.2461833377120379	-0.0073719585547080135	0.30524200353745845	-0.4885051989161233	-0.13810751541613223	0.4600292432214204	-0.3125403114435344	0.4409209408900666	-0.42434511720728524
sub-0115	ses-04	pain	-0.26017027273964954	0.512688186225147	-0.2257032698217173	0.24726413142023487	-0.39680123272168205	0.5202529978951003	-0.5240156385419409	0.018145138738825912	0.4334254181503916	-0.5491578110977834	-0.04817646078844426	0.5692859474672795	-0.23359121301394392	-0.06039760680544507	0.5122224688467122	-0.7149071538365895	1.0154045816648674	-0.5177805731838665	-0.3118047721732329	0.019018627806830692
