sub	ses	runtype	tr_0	tr_1	tr_2	tr_3	tr_4	tr_5	tr_6	tr_7	tr_8	tr_9	tr_10	tr_11	tr_12	tr_13	tr_14	tr_15	tr_16	tr_17	tr_18	tr_19
sub-0115	ses-01	pain	-0.2744632825266935	0.2526475199236847	-0.20437054958874232	-0.42191281680598497	1.1220521535544679	-0.8722472510214834	-0.3403983445039637	0.8023822853406805	-0.2628423991591371	0.23457763246924546	0.13934364441244207	-0.18293643273167587	-0.35815210791460567	-0.1547866344324696	0.3944375918246935	0.24701593278735146	-0.3854453495007065	-0.07806457489230824	0.19850170510782028	0.06663324887684068
sub-0115	ses-03	pain	0.03274204240808441	-0.43523198737294044	1.0950565620255885	-1.1541381026531397	1.2898600425158635	-1.1350399310492438	0.26097099278298935	-0.08451967321797221	0.30514084135490965	0.3344790192761116	-0.6411655129460139	0.365782890844573	-0.0806713208697985	0.17338677374253625	-0.45459292815160673	0.7561361199587571	-0.8551638750791599	0.3932008195262205	-0.25177037590355295	0.3701280907006464
sub-0115	ses-04	pain	-0.18679899697214686	0.6818894677338772	-0.6740807020499303	0.11677543341666115	0.13472237906798856	0.13433583311722028	0.09067261318866097	-0.28288044382868466	0.6480898614579942	-1.0336865373050372	0.5053836692347743	0.015552820881076325	0.6169704044886041	-0.5659197672729921	-0.00534541836933742	0.17109911856426083	-0.35870810926726177	0.23619894505378788	0.11228335693895444	-0.3335869375961923
