sub	ses	runtype	tr_0	tr_1	tr_2	tr_3	tr_4	tr_5	tr_6	tr_7	tr_8	tr_9	tr_10	tr_11	tr_12	tr_13	tr_14	tr_15	tr_16	tr_17	tr_18	tr_19
sub-0086	ses-01	pain	-0.2567412890742808	0.6036536069565185	-0.3831295013685207	0.10588920263540946	0.6038495243453618	-0.11586272747384087	0.09193738304245629	0.38129075347440106	-0.5623139108981563	0.744857508286347	-0.6860067910859113	0.6417717270081612	-0.23423722592349114	-0.34533092052796	0.46519562421612215	0.3750050662002552	0.10329081533325934	0.00661007132591127	0.06623706203808465	-0.6989900182621832
sub-0086	ses-03	pain	0.503896204425537	-0.11875064040403467	-0.10554284929519435	0.12789263539616905	0.21125518431969104	-0.8327912724443043	1.0364598262047382	-0.7740554618922514	1.3560265048423354	-1.263886492312115	0.7819462524550483	-0.7317608378447261	0.8966527645567334	-0.23981818882004294	-0.5867172911883827	1.2879154653628981	-1.0970328404859762	1.1057496153690394	-0.3226654857300694	0.6420246971790498
sub-0086	ses-04	pain	-0.07404246061127703	0.25221604036430134	-0.8920601015332603	1.151066792656346	-1.4362042117410867	1.321753112112544	-1.3311700715938761	0.7268957457184995	-0.6261559086602085	0.8023428626149566	-0.38022023229919116	0.004890411266158246	0.20606768428178424	-0.6723039691147289	0.8193745213531773	-0.5206327281875802	-0.31849423697389434	0.3931858158403354	-0.5262027393232007	1.089803618869553
