sub	ses	runtype	tr_0	tr_1	tr_2	tr_3	tr_4	tr_5	tr_6	tr_7	tr_8	tr_9	tr_10	tr_11	tr_12	tr_13	tr_14	tr_15	tr_16	tr_17	tr_18	tr_19
sub-0029	ses-01	pain	-0.15032205091509598	-0.09493300627751525	0.0762759421038822	-0.17820770911914618	0.04934284593449151	-0.080286576569873	-0.41118874961617347	0.4379827977200774	-0.2053339528955311	0.30279418849901024	0.08948203690415144	0.2648026818369804	-0.8191844816089504	0.5567973778273243	0.01802517193655863	-0.01904450990683104	-0.12173349643966483	-0.31725370511075923	0.374120438928866	0.12487660520376194
sub-0029	ses-03	pain	0.003654014027683053	-0.08483071138289315	-0.24360270190870148	0.08724182162106585	0.174904802083484	-0.18351239030247687	0.2678981078697626	-0.3014775076179773	0.5081303113359664	-0.4431478883827114	0.03231562773743176	0.36348128402174606	-0.18322260826737086	-0.2532302880782352	0.14396278912966687	0.011161735949446056	-0.1102099566055711	-0.057609275113381264	-0.047490029401146674	0.16651321758197565
sub-0029	ses-04	pain	0.24485437396044898	0.25404334486797076	-0.23100358482785122	-0.23054837005365325	-0.13959030397869326	-0.07887783481660078	0.02178092404569603	0.0755277721130934	-0.22582206298905147	0.13155111714435577	-0.012889620020265068	0.16616933088170643	0.21693373614496825	-0.4466538583304674	-0.03260727448000013	-0.1620383330954978	-0.26128613283588836	0.48108686242469034	-0.2534239597088052	0.229249097446151
