sub	ses	runtype	tr_0	tr_1	tr_2	tr_3	tr_4	tr_5	tr_6	tr_7	tr_8	tr_9	tr_10	tr_11	tr_12	tr_13	tr_14	tr_15	tr_16	tr_17	tr_18	tr_19
sub-0029	ses-01	pain	0.22078076879854075	-0.5032215219414988	0.18104177483593276	0.5461323023778615	-0.6271840933224208	-0.19005470662080154	-0.35742574779885705	0.8589038539058939	-0.5314827046181204	0.2856512301176265	-0.13581084139355856	-0.009986105431307587	-0.17675032298950882	-0.09232079013867595	0.5975321351845859	-0.5106343980713619	0.4716757047151486	0.14488889728807733	-0.0195805621213055	0.24101473382517993
sub-0029	ses-03	pain	0.3237976888804698	-0.5782102273790409	0.4934434701172193	-0.4666337427756148	0.13504787667995585	-0.11326755351688207	-0.09918384661550922	0.44096508035225884	-0.6569327808139686	0.43695215937331244	-0.04164197292054097	0.15504599879849476	-0.20398285162055918	-0.12643150938362568	0.06334874400581254	-0.5439079046577606	0.6389125293074833	-0.2717789988779309	0.44258567423863665	-0.12938555121624387
sub-0029	ses-04	pain	-0.7202301943658513	0.4375897038968278	-0.28502819989346717	-0.44430845186885787	1.0737060969018248	-0.3578454341501672	-0.07851869024894961	-0.47501255265462555	0.5057292824705663	-0.4251437859408341	0.39210424372078245	-0.3479647767141719	-0.23345418901073414	0.40004224818904266	-0.5071572282577939	0.8754153533506587	-0.15526085257037794	-0.40330253355508394	0.5416626805519066	0.16632976030609317
