sub	ses	runtype	tr_0	tr_1	tr_2	tr_3	tr_4	tr_5	tr_6	tr_7	tr_8	tr_9	tr_10	tr_11	tr_12	tr_13	tr_14	tr_15	tr_16	tr_17	tr_18	tr_19
sub-0052	ses-01	pain	-0.3249725581543547	0.4490756325258969	-0.055129941252494666	0.15327747276775994	0.0008697709876435135	-0.32481914474347046	0.779565694024259	-1.2511787298364452	1.509088697927809	-1.657320088062509	1.1854166255753646	-1.4942467957359484	1.7836355333392437	-1.209262830496167	1.3104926870736628	-2.1416370636054056	2.394178783133625	-1.5927939971207727	1.1742420463596275	-0.9258646523123079
sub-0052	ses-03	pain	-0.18646072348182113	0.8513858971528819	-0.7215533299204641	0.4067000625499927	-0.7897761355762378	1.1174563271595472	-0.4468498783498153	0.33501634960409066	-0.34125185143350056	-0.06852931188773702	0.12059021667265878	-0.5656470422115734	1.1365101008226026	-0.6931580207610087	0.37408958418582694	-0.05410417811439978	0.4384113998797345	-0.5458764384209454	0.5000680055751932	-0.1722801356388425
sub-0052	ses-04	pain	-0.235717490113232	0.6614664970055112	-0.9532102042267228	0.9591197586312039	-0.4811714484213559	-0.18750392641463645	0.28962412755979133	-0.4874484074131183	0.642604006036555	-0.8402351723404873	0.7489331876050479	-0.3036181665920216	0.44432458044466394	-0.624518223568249	1.0425249298925294	-1.024851659453003	0.6400729155084875	-0.03658531089656306	0.460229195424793	-0.6826035064107465
