rating,rt
6,1.789838076
32,1.790703058
49,3.268092632
76,3.468764305
83,3.620624781
97,3.601645708
111,3.718211412
134,2.803581238
146,3.725265741
166,2.968086481
173,3.484886408
189,4.0
203,4.0
226,3.368261576
237,3.105667591
260,2.241705179
268,4.0
290,4.0
297,2.340833187
321,3.368139267
340,1.917481899
355,4.0
364,4.0
394,4.0
