rating,rt
8,4.0
28,4.0
43,4.0
62,4.0
75,4.0
94,4.0
108,4.0
124,4.0
134,3.351429939
164,4.0
172,4.0
192,4.0
203,3.269369125
227,4.0
241,4.0
263,4.0
272,4.0
289,4.0
299,4.0
320,4.0
333,4.0
366,4.0
374,4.0
396,4.0
