rating,rt
8,1.989197731
24,3.218045235
32,1.885841608
55,2.889558315
62,2.351102591
82,3.168002129
97,3.067969084
115,4.0
123,3.753899097
152,4.0
165,2.250968218
208,4.0
218,3.934917688
241,4.0
254,3.568145275
270,2.784581661
282,3.769270182
299,2.984623194
311,4.0
332,3.524919271
343,2.884676456
365,3.568787336
376,4.0
395,2.567821026
