sub	ses	runtype	tr_0	tr_1	tr_2	tr_3	tr_4	tr_5	tr_6	tr_7	tr_8	tr_9	tr_10	tr_11	tr_12	tr_13	tr_14	tr_15	tr_16	tr_17	tr_18	tr_19
sub-0018	ses-01	pain	0.8617509977886468	0.7763640846906107	-0.6074816336262278	0.05486235744624345	0.4777105510877262	-1.2871754161506248	0.7628142565953925	0.29793022740471664	1.0544499482767216	-0.4554156828057436	0.12945791427937095	1.011384507349101	0.2725248888841791	-0.18921267670170136	-0.24884064795018074	0.8856587720566015	-1.2871294884737785	1.2843011490501968	-0.4542272536471604	1.8928899189231947
sub-0018	ses-03	pain	1.5982984527126174	-1.0623820443821896	0.8588758901489998	-1.1142071073217503	-0.02502412518035691	0.02798826472502011	0.9543537091866865	-0.43248201021695504	0.7171829270889949	-0.14690142389717278	0.1924696927977298	0.6076332385312769	-0.3665177225229279	0.3302251111476746	-0.3742497778234589	0.10216317842272378	-0.16886796815640687	1.1666781488274962	-0.776088732839239	1.6300958042997533
sub-0018	ses-04	pain	0.5895821016094327	0.09852181641498084	-0.8522313240521519	0.581003724452739	-1.2187470057467582	0.834962926851833	0.012914128367655023	-0.20610513977464792	0.5514745822672955	-0.2710936819323827	-0.20163463434774057	0.6755956244873078	-0.12071958590667987	-0.19965300894463708	-0.7551207987310449	-0.08895369233728351	0.03544955593525565	0.47940967846060784	-1.2569704929267778	1.511940680253634
