sub	ses	runtype	tr_0	tr_1	tr_2	tr_3	tr_4	tr_5	tr_6	tr_7	tr_8	tr_9	tr_10	tr_11	tr_12	tr_13	tr_14	tr_15	tr_16	tr_17	tr_18	tr_19
sub-0006	ses-01	pain	-0.7200065899654442	0.504234391439676	0.46394839519313213	-1.1409248510405086	0.9933516149218923	-0.03104726250250357	0.2134063466446663	-0.43964174857611127	0.359716802772433	-0.34740046176235184	-0.06412704532625683	-0.35726393297636655	-0.026896058292468095	0.06471366550990339	-0.43226481878209294	1.5465629849427822	-0.7518988556547924	0.26087040188305316	0.10651663368802383	0.052026642995083534
sub-0006	ses-03	pain	0.420016635435525	-0.28298408760805266	-0.4506107704015455	-0.3682141652766301	0.5056689122295256	-0.4118364706092858	0.3242129694792382	-0.3147749331453823	0.20746482896314308	0.31690044826297487	-0.13363231570298298	0.09841182557435581	0.7662524442905753	-1.455090817056686	0.9789990576575309	0.29195722086042813	-1.2400072950771783	1.5318824138562896	-1.3251415622089664	1.4205934987186895
sub-0006	ses-04	pain	-0.9275419706523396	1.2704717601534752	-0.6548642195685789	-0.5028389925890736	0.8673996101343021	-0.30218946153653836	-0.5573189960246016	0.2559065798059568	-0.14068977101484925	0.33755798862818454	-0.016859211961475246	-0.38393846563398637	0.8397945667229773	-0.6073059891806813	-0.3525543236931923	0.9761211672670402	-0.992213202885784	0.28392916298029786	-0.3974034853500648	0.37832151223815846
