event01_cue_onset	event02_expect_displayonset	event03_stimulus_displayonset	event04_actual_displayonset	param_cue_type	param_stimulus_type	event02_expect_RT	event02_expect_angle	event04_actual_RT	event04_actual_angle	cue_con	stim_lin	stim_quad
14.187410116195679	16.004760026931763	22.580260038375854	35.29527997970581	low_cue	low_stim	1.95760774612427	11.9395310824305	1.71753168106079	5.11041756103123	-1	-1	1
40.59725999832153	43.59838008880615	50.17982006072998	63.7058801651001	low_cue	med_stim	0.9838290214538572	0.0	1.45075345039368	23.7494944928668	-1	0	-2
72.19238018989563	75.19350004196167	86.07955002784729	95.9012200832367	high_cue	med_stim	1.55217862129211	41.7480543996361			1	0	-2
108.98943018913269	110.89014005661011	120.28000998497009	130.4974501132965	low_cue	high_stim	1.88877582550049	15.8191939475001	1.96752953529358	25.930806462651898	-1	1	1
145.08623003959656	146.80352997779846	155.2840702533722	166.49421000480652	high_cue	med_stim	3.24203252792358	23.3507297724187	1.40138983726501	34.0716098073942	1	0	-2
171.39604020118713	174.4971899986267	182.6793200969696	194.50466012954712	low_cue	high_stim	1.4840409755706798	2.07837024536197	3.47430205345154	67.0178523081306	-1	1	1
199.78995990753174	202.79107999801636	218.17909002304077	231.1016399860382	low_cue	low_stim	1.52111721038818	6.89742755775175	3.59392380714417	10.2835706511353	-1	-1	1
236.7870900630951	238.48772025108337	245.27918004989624	255.49407029151917	high_cue	high_stim	1.20800018310547	21.7158295955314	2.61817598342896	65.0803356301676	1	1	1
264.1806399822235	267.19843006134033	279.4797201156616	290.4904501438141	high_cue	high_stim	1.75076603889465	11.626980982306002	1.33858466148376	52.6699051861773	1	1	1
298.39340019226074	301.19444012641907	321.879390001297	331.1056001186371	high_cue	low_stim	2.03456664085388	44.1884993162881	1.29007458686829	26.771150214462104	1	-1	1
335.9907500743866	338.89183020591736	345.67917013168335	359.3994801044464	high_cue	low_stim	1.53716707229614	23.7748653160852	2.0343396663665803	19.0934920004856	1	-1	1
366.9856400489807	368.8863501548767	382.4794201850891	394.49590015411377	low_cue	med_stim	1.04270076751709	0.0	1.73424458503723	3.2704879231835697	-1	0	-2
