sub	ses	runtype	tr_0	tr_1	tr_2	tr_3	tr_4	tr_5	tr_6	tr_7	tr_8	tr_9	tr_10	tr_11	tr_12	tr_13	tr_14	tr_15	tr_16	tr_17	tr_18	tr_19
sub-0050	ses-01	pain	1.1941271057171927	0.1460947126617378	-0.7264624257334866	-0.18507670831773354	0.8812189702894914	-0.5039844416105383	0.19294518144212375	-0.2837338612618753	0.3941407052642504	-0.601150691920054	0.4610338180728613	0.957113189159578	-0.7407399104620562	0.6038831071863547	-0.7559776382111678	0.3271375426453632	0.618197374324078	-0.15564534563698718	-0.2936334656269012	1.9820444388009317
sub-0050	ses-03	pain	1.329576304020301	-1.2890796747782536	0.8666364761156485	0.002393851739443646	0.26273254982386113	-0.25722300844323687	-0.011581553867636277	0.07473132979042536	0.3188175098449619	-0.025366879967370023	0.46724239056480305	0.19251516570704144	-0.24046424046916479	0.5654872249782479	0.48382740980345545	-0.17272540381771428	0.2747888247203689	-0.3573387841996549	-0.297501978662983	0.9561740247285655
sub-0050	ses-04	pain	6.421190797963928	-96.1904805305405	89.8964616375141	-1.0386916495299774	2.115333286366641	-1.4452188519414302	0.83423820147097	0.49809569514491864	-1.117948030494522	-2.1029906876957103	4.248215202373354	0.5079792850989995	-11.905069342934633	10.833706135407764	-2.8012688612794645	0.8999024717668667	2.054899475394198	-0.7386689736648328	1.2421617526579587	0.43842979176841107
