sub	ses	runtype	tr_0	tr_1	tr_2	tr_3	tr_4	tr_5	tr_6	tr_7	tr_8	tr_9	tr_10	tr_11	tr_12	tr_13	tr_14	tr_15	tr_16	tr_17	tr_18	tr_19
sub-0051	ses-01	pain	0.30659820697500356	0.6017296600319947	-1.4209561841912666	1.4265838844077683	-0.2664288401842543	0.5708316827730989	-0.6435796377604152	0.7214100850715249	-0.08032689434813521	-0.30441879671700406	0.4566664836694604	0.011792018124469257	0.21367435774610824	-0.9822081571822738	0.4714966703976345	0.7932239190329496	-0.9660654515109671	0.5030066932848228	0.1456043575315092	-0.41638301691904034
sub-0051	ses-03	pain	-1.0727389961858962	0.9634776906408572	-0.36222538271747645	0.28737519133083217	0.3219477430299038	-0.5484290744739417	0.6160195188045992	-0.7264551167877186	1.0364019322802096	0.011449609795010281	-0.09923711046186229	-0.44050438348868015	0.512490925474195	-0.12689808808642375	0.015912961534167314	0.12601567935080105	0.01105874666317799	0.1583507120537483	-0.5160545665064772	0.664495463181532
sub-0051	ses-04	pain	-0.43344600546015055	0.5306477164847343	0.25202838977040426	-0.5464208719792566	0.1189969429944501	-0.4996892253361228	0.8320962180674646	-0.6183446280980446	1.3350073832399207	-0.675687603330711	0.458557667068355	0.6674252600332935	-1.7314943584197293	2.4789787693533465	-0.5897190925300825	-1.3756959649584857	0.8664554487693843	-1.3016053642523147	0.415477920606195	-0.08311557091313422
