sub	ses	runtype	tr_0	tr_1	tr_2	tr_3	tr_4	tr_5	tr_6	tr_7	tr_8	tr_9	tr_10	tr_11	tr_12	tr_13	tr_14	tr_15	tr_16	tr_17	tr_18	tr_19
sub-0106	ses-01	pain	0.8044310228870717	-0.24009213810135316	0.7220830036390119	0.4181487418847587	0.2285191344284474	0.7938067986165421	-0.19001935064264008	0.1919853163675923	-0.1138324935358625	0.2288941636832371	0.5120323212051957	0.15777880212211848	-0.21017469688017582	0.22186543141264758	0.15521819054409833	-0.03432224750827561	-0.39272320346129974	0.3337470895888672	-0.5792731578482821	0.38048575373260457
sub-0106	ses-03	pain	0.63895875957093	-1.3334454845309696	1.5536985498986577	-0.2293965959546634	0.45362598828273815	0.41224231854931154	0.4884916500032665	-0.5233378428688891	0.45226823584173076	-1.5449095518302647	1.5361234228549487	-1.2449158590397065	0.8514198274842597	0.4648328532625415	0.8786435106298973	-0.40379046018096965	-0.4182938962112712	0.0989657547990525	0.08523807410678318	-1.668380564569682
sub-0106	ses-04	pain	1.6571937123245946	-2.088952996080711	3.124561732146248	-3.162591571704429	1.261356622479534	4.011133978568515	-2.471113179547673	2.238367176611606	-0.9847841893307041	-0.026349081809215906	-0.5338200170021808	1.6737844637646295	-0.5099069904313036	0.5234774854380864	0.09939569976567045	0.07084321452736518	0.29585988403587227	-0.23281364150911013	0.339880202205297	-1.8599843076703055
