sub	ses	runtype	tr_0	tr_1	tr_2	tr_3	tr_4	tr_5	tr_6	tr_7	tr_8	tr_9	tr_10	tr_11	tr_12	tr_13	tr_14	tr_15	tr_16	tr_17	tr_18	tr_19
sub-0026	ses-01	pain	0.5726115222295987	-0.845356657878879	-0.280878341074678	1.0530193983396623	-0.6898110960967035	-0.3393556584101284	-0.102191529676788	0.19806010781695763	0.3886309730770593	-0.36128145853202015	0.6526108575851589	0.38795608982406415	-1.0410634552067703	0.3832375869745631	-0.013952908177087098	0.2755498116745927	-0.2047030826919467	-0.23639870867854446	0.6397429087252429	-0.3144789002619996
sub-0026	ses-03	pain	-0.4388979980570324	0.3063157597504804	-0.3868751343975638	0.10045459907039857	-0.1969813513346927	-0.04682682491083148	0.19464667317748902	0.5578845603581546	-0.21071414941714697	0.1396229764646537	-0.4245567991178176	0.36903540480961744	-0.39078549650501343	0.3359658316209122	-0.16860601088568747	0.031550815872829464	0.05505229368046189	0.5517356514357157	-0.19315333056878306	0.3020771298477959
sub-0026	ses-04	pain	0.16051196460278894	-0.2501720968739068	0.15492350415575226	-0.1688987674808653	-0.026955757425230768	0.4699712574131984	-0.7073200169081678	0.05455632225027141	-0.0065002309013967585	-0.014417002621803666	0.0474973736798209	0.4012885230167696	-0.7937872757112561	0.056134481535828076	0.23196494946200447	0.2761578533820478	0.1370250102310465	-0.5647835299978503	-0.061122172190217726	0.5554545593864385
