sub	ses	runtype	tr_0	tr_1	tr_2	tr_3	tr_4	tr_5	tr_6	tr_7	tr_8	tr_9	tr_10	tr_11	tr_12	tr_13	tr_14	tr_15	tr_16	tr_17	tr_18	tr_19
sub-0026	ses-01	pain	-0.10683078492949741	-0.28369464931540306	0.42839832679403284	0.3305046108073363	-0.357156435828353	0.3566541667204315	-1.5538653035521535	1.4719298128442317	-0.17074074299287548	0.025460030586125608	-0.1660096065464676	0.36541028054287306	-0.5427912093022169	0.8589468081749547	-0.2544216372571006	-0.21200867803574774	0.4176549614264446	-1.4739252235181788	2.2073650190619785	-0.7314580325718093
sub-0026	ses-03	pain	-0.3424044252070589	0.13377253925287935	-0.5724663014047577	0.6625602924453357	-0.36377718729864683	0.033460878728654546	-0.026612718243052513	0.05389988851326589	0.12283540264428928	-0.30682067215095005	0.35651961323465187	-0.4615165500842665	-0.03481154452919692	-0.33949132697426077	0.3944095318251845	0.16190136228552937	-0.0007413490382992344	-0.23926155246864508	0.10141049304420859	-0.1426617386999788
sub-0026	ses-04	pain	0.16469238252584983	-0.6029834179067167	0.36800846352793604	0.00587187967993276	0.040291942232458584	0.11931848071676454	-0.5614997682994426	1.111657731869094	-0.5752991728359851	0.22888397588260986	-0.45175849285302017	0.3739470261256357	-0.3724165991699349	0.6773748902154711	-0.45991897207441657	0.6401426997010831	-0.5309186871900193	-0.07028191215613434	0.19208975217214605	-0.15763664733662205
