sub	ses	runtype	tr_0	tr_1	tr_2	tr_3	tr_4	tr_5	tr_6	tr_7	tr_8	tr_9	tr_10	tr_11	tr_12	tr_13	tr_14	tr_15	tr_16	tr_17	tr_18	tr_19
sub-0026	ses-01	pain	0.1252098914370309	-1.2275402344838675	0.2762693026944195	1.951535018771041	-1.9958531624598237	1.7890133099837509	-2.235981266107158	1.6164007091604378	-0.07998449483738322	-0.5112915470429577	0.474294651134448	-0.2278185144261108	-0.5040424891273904	0.2119959576052734	0.9371536844151027	-0.28996103480857055	0.36123957627602893	-1.5394781652383243	2.609552236976894	-0.9805932422337532
sub-0026	ses-03	pain	-0.3949627876882872	0.35010211598975877	-0.9722304799514335	0.5257618780401622	-0.8271072156304364	1.0321329638599404	0.07274662600056823	-0.25200221760863223	0.5105193450869486	0.06499104503628918	-0.5238948135343444	0.34474801531717014	-0.46310577054365365	0.18265269602128678	-0.1915184130204081	0.21649457523278082	0.46693755725343444	0.5870076605903586	-0.8756059306757863	0.6301743136129466
sub-0026	ses-04	pain	0.4210823871355948	-0.9445464989826463	0.5661320279558207	0.2661820991316481	-0.5012670487015815	0.8216226719604113	-1.0361878150936836	1.0502247525280262	-0.9929228416473591	0.43237766065519434	-0.10706793373571481	0.6674804704305073	-1.499523228675774	1.2099144872059429	0.41558515881441604	0.11381392774692492	-0.2230664289586341	-0.4848431081425647	0.6433425036572954	0.21262745168786593
