sub	ses	runtype	tr_0	tr_1	tr_2	tr_3	tr_4	tr_5	tr_6	tr_7	tr_8	tr_9	tr_10	tr_11	tr_12	tr_13	tr_14	tr_15	tr_16	tr_17	tr_18	tr_19
sub-0026	ses-01	pain	0.33391235456069623	-0.11218670106439178	0.6787660267666111	-1.2277575590891736	1.4374074871892528	-1.9996400563734824	0.4756829311290219	0.6631678406549054	-0.766062976355967	1.4637856635807935	-1.0628962366893144	0.6772222244544739	0.16944631881461378	0.008006301112676395	-0.8143903042754875	0.5904423731237444	-0.8900208417431807	1.6932027690514024	-0.8596589555471649	0.05946943573723051
sub-0026	ses-03	pain	-0.5770288970234694	0.21611432197125902	-0.29570841548011106	0.20485188760600356	0.08153572784582006	-0.5549467544436636	-0.07890212210521055	0.4809764980535875	-0.4504022844973955	0.0347640021559104	0.1789039228761727	-0.7642685705858815	0.458779620400665	-0.1366466099439561	-0.26132734365069366	0.584719140581072	0.04873855953039765	-0.697482239589395	0.9884312679073692	-0.5094790830603823
sub-0026	ses-04	pain	0.059320167139665814	-0.11032654672618145	0.05081877902170276	0.3527359737976736	-0.8313882284525764	0.478930669786621	-0.9815925924292738	0.7925774039541242	-0.15987207103889614	0.16710227434598202	-0.6080441128049757	0.8068712486467482	-0.9484583824364854	0.8446073483443707	-0.7921094948815992	0.32977120434706586	0.3492976580002443	-0.5209270231102273	-0.10245261495069267	-0.05127205707140066
