sub	ses	runtype	tr_0	tr_1	tr_2	tr_3	tr_4	tr_5	tr_6	tr_7	tr_8	tr_9	tr_10	tr_11	tr_12	tr_13	tr_14	tr_15	tr_16	tr_17	tr_18	tr_19
sub-0056	ses-01	pain	-0.39967407792805676	0.32336418930545596	-0.010800907522356015	-0.11090481761068013	0.29215160095780907	-0.21763743808884478	0.2943201401211325	0.07807816782904024	0.3298350357688856	-0.17839639163894627	-0.3293456147347255	0.3677864696719853	-0.13779709354838288	0.04344667642983157	0.3578229676364295	-0.4462843975654419	-0.0867056750821841	0.22684473190040078	-0.16640178979995604	-0.2642938841550916
sub-0056	ses-03	pain	-0.08466765261734323	0.18620022027362934	-0.5711687779281285	0.3429741880194141	0.0236976719604304	0.37943160281751276	-0.29650102067361356	0.6097533778983502	-0.29247267519766884	-0.19601685680739758	0.4265960940600029	0.027859191648058678	0.2155269630138635	-0.4205121007962315	0.5992029968835942	0.0074802871219867475	0.010718680947066399	-0.11408721297980688	0.12273652318543188	-0.5947765579503743
sub-0056	ses-04	pain	0.06072212924743946	-0.0271068046663528	-0.03736972961723373	-0.2863538376440624	0.36588572354587234	-0.6187052922397226	1.20302734105851	-0.9210217082573597	0.10417834366127299	0.17630288778012904	0.3663376600517033	-0.7018954970399239	0.4726297967026928	-0.009600817159894666	-0.5820706445427505	0.8392413042920924	-0.6133239456761336	0.20156228207403287	0.07842813828048008	0.2663907179033286
