event01_cue_onset	event02_expect_displayonset	event03_stimulus_displayonset	event04_actual_displayonset	param_cue_type	param_stimulus_type	event02_expect_RT	event02_expect_angle	event04_actual_RT	event04_actual_angle	cue_con	stim_lin	stim_quad
3.3745298385620117	6.092229843139648	18.465519905090332	32.5856397151947	low_cue	high_stim	1.2549102306366	0.0	1.30075335502625	11.5392978601252	-1	1	1
41.57238984107971	44.673579931259155	55.16542983055115	69.28293991088867	high_cue	med_stim	2.20719981193542	30.8438074131448	1.23411130905151	0.698694382983471	1	0	-2
78.36972999572754	81.47090983390808	87.9652099609375	97.7771098613739	low_cue	low_stim	1.20058155059814	0.0	2.3707895278930686	2.3090627890256803	-1	-1	1
105.88018989562988	107.38075995445251	114.16522979736328	127.98859977722168	low_cue	low_stim	1.5840969085693402	0.0	1.15057945251465	0.0	-1	-1	1
137.07538986206055	140.17656993865967	149.86948990821838	159.88406991958618	high_cue	low_stim	3.4548938274383505	21.3706222693432	3.11809515953064	6.7779487341990485	1	-1	1
168.97086000442505	170.97161984443665	177.46466994285583	187.27781987190247	high_cue	med_stim	2.1510255336761497	46.784843324319	1.63750958442688	12.7619266829967	1	0	-2
194.38052988052368	196.38128972053528	209.36462998390198	222.2911398410797	high_cue	low_stim	2.30106258392334	54.141640223524895	1.4909377098083505	10.1407931461128	1	-1	1
234.77922987937927	237.2801797389984	251.2644398212433	262.6898498535156	low_cue	high_stim	1.20208811759949	0.0	2.01762080192566	40.4519575908746	-1	1	1
271.7766396999359	274.87781977653503	286.5649199485779	294.38523983955383	low_cue	med_stim	1.02144455909729	0.0	2.71793794631958	5.08983650928787	-1	0	-2
299.87065982818604	301.77137994766235	315.46446990966797	326.08062982559204	low_cue	med_stim	1.04465365409851	0.0	1.06893062591553	0.0	-1	0	-2
337.86844992637634	340.56946992874146	347.9647698402405	355.491819858551	high_cue	high_stim	2.11766910552979	26.1543357783129	3.11806011199951	61.574007756909	1	1	1
362.5778498649597	364.7786798477173	378.4645299911499	394.59001994132996	high_cue	high_stim	3.4711508750915496	28.759618533722502	2.56774210929871	31.1639506143602	1	1	1
