sub	ses	runtype	tr_0	tr_1	tr_2	tr_3	tr_4	tr_5	tr_6	tr_7	tr_8	tr_9	tr_10	tr_11	tr_12	tr_13	tr_14	tr_15	tr_16	tr_17	tr_18	tr_19
sub-0111	ses-01	pain	0.5117661317307428	0.6978065524978946	-0.469796889008684	0.20135944202860742	-0.8775945146994105	0.05858615893168925	0.6558270474193275	-0.12371502642200424	-0.29384238016169456	0.2858878854684189	0.4345404270051441	0.6051417613623362	-0.7420110217592685	-0.15007373758040823	0.43532302026461295	-0.3937505377987005	0.928725518152184	-0.3667264886835668	-0.36439425212979243	-0.5659686976631284
sub-0111	ses-03	pain	1.1329527994905761	0.002377130818175446	-0.6101624887251909	1.5505375210772863	-0.6537345387433786	1.2899712710124644	-0.4444329191299955	2.698970090181434	-1.5655159015331646	1.6437690593934071	-0.9441575634772612	2.2546667057368888	-0.6213157228511995	0.2679744113279967	0.2817184005203536	-0.614529461228996	1.035281677421117	0.149815971060681	0.5162041421585897	-1.3052979717395914
sub-0111	ses-04	pain	0.9449533183674	0.9268052968710782	-0.9069375778654046	1.7191023312422966	0.6671604408498055	0.7482809849781017	1.5120450276837138	-0.9140352915177977	1.1160237868182568	-1.086184806114224	2.292825789253534	-2.3542910339686944	2.4784055728193186	-1.9155316626704908	2.534802955608151	-2.007592144962953	1.260378004135585	-0.6491571353757991	0.4331411737131579	-0.410176719380586
