sub	ses	runtype	tr_0	tr_1	tr_2	tr_3	tr_4	tr_5	tr_6	tr_7	tr_8	tr_9	tr_10	tr_11	tr_12	tr_13	tr_14	tr_15	tr_16	tr_17	tr_18	tr_19
sub-0109	ses-01	pain	0.5373715635423578	-0.06494354571445184	-0.08512471003671652	-0.5208790195970303	0.3358305566532968	-0.4475788052701487	0.999326027053535	-0.3921602859293267	-0.030036121594401322	-0.276256469538772	0.4950665446592683	-0.9748497410063182	1.021894475498857	-0.10733280493091221	-0.7234684920383874	0.04650995062633721	0.12406787372461037	0.39716995034802266	-0.052284759500535904	-0.20969273399207927
sub-0109	ses-03	pain	0.06390682612754131	-0.23916036317758663	0.535370989313252	-0.3410381875293489	0.31896481245472524	-0.13398738213527006	0.5594973518674509	-1.061914124802627	0.7437646902113094	-0.7788143314153884	0.8871162453952373	-0.9175406579400468	0.3273180226129373	0.28197298603137205	0.03457921132903171	-0.32411900602028876	0.19077167207940796	0.09281975144140395	-0.459758218794911	0.06831813309966857
sub-0109	ses-04	pain	-0.28411489851978244	0.437456312907054	-0.019505781022097143	-0.5732605382146645	0.5127077661989998	-0.22250580200894457	0.7524617910874308	-0.9334972595883282	0.49488370386156744	-0.7912622940585898	1.1755487347177236	-0.838933268651357	1.1316571088457057	-1.61718178069512	1.2620952091734787	-1.40877255047395	1.2829676999489124	-1.1449122138296217	0.7237656759515025	-0.4031386230750716
