sub	ses	runtype	tr_0	tr_1	tr_2	tr_3	tr_4	tr_5	tr_6	tr_7	tr_8	tr_9	tr_10	tr_11	tr_12	tr_13	tr_14	tr_15	tr_16	tr_17	tr_18	tr_19
sub-0109	ses-01	pain	0.03942400367020522	0.26945500895426155	-0.2920836339394928	0.3681529680486842	-0.29563335035323685	0.7500713549235526	-0.08100666579736994	-0.2732657366218822	-0.3650833594125314	0.43186061749773835	-0.05972330169499483	-0.29638489340729174	-0.10199173023981631	0.7442181354979409	-0.6055417529139868	-0.041445659181016385	0.15157406935554407	0.46203573645959234	-0.0448306274371186	-0.7285537970829805
sub-0109	ses-03	pain	-0.10522236490117551	0.20411012455934344	0.08998366898897434	-0.02996263513823736	0.9451628781194189	-0.6673590639721325	1.2653406347801948	-1.989528304187502	0.7458666341514065	-0.7448187601978248	0.9609623391225759	-0.7425293276117864	0.36024933569463446	-0.2813672533101881	0.5935653043704253	-0.0624350864685174	0.5203999081615389	-0.5361872020041677	-0.309904406663382	-0.5500916285487655
sub-0109	ses-04	pain	0.33702006768927756	-0.4615080671919381	0.6864962321150028	-0.49889306272912065	0.04206040297046598	0.3186942457632669	0.15045105805111142	0.3060229218221838	-0.2217567070249184	-0.3015274158017113	0.6282311448252256	-0.24216277759070604	0.25098989103864383	-0.20111483628199395	-0.3401804906678832	0.07606400592205621	-0.5426997387030439	0.10757983900742239	0.26676609821825903	-0.18997053301819727
