sub	ses	runtype	tr_0	tr_1	tr_2	tr_3	tr_4	tr_5	tr_6	tr_7	tr_8	tr_9	tr_10	tr_11	tr_12	tr_13	tr_14	tr_15	tr_16	tr_17	tr_18	tr_19
sub-0131	ses-01	pain	0.6406137905854294	-2.3810511759100637	2.343440956459452	-1.3028878891670461	2.01440710845452	-1.69288385713574	1.5543840147056818	0.5061118079151973	0.29884733321878026	0.6193606316934628	-0.2086309734009018	1.2280326546316314	-3.464875543682442	2.9899165573571835	-1.6397957456824352	2.310179210875636	-2.102729904327277	-0.3057443953399297	1.445268222828698	-1.417054796237769
sub-0131	ses-03	pain	0.14040903351185569	-0.6053087076752384	0.426552143384699	-0.5134511449980368	0.9420579255008552	-0.17887317987793377	0.03726900490013489	-0.22075915279998565	0.15225802866254473	-0.2771437904814527	0.269881815974647	0.2574167382745328	-0.5625976332918622	0.029716429424613725	-0.13000385786496782	0.6767656396390989	0.26983770332454066	-0.030643974337916106	-0.3921929861084579	0.3164541265463388
sub-0131	ses-04	pain	0.01827213341958078	-0.023340334397058397	-0.015972428180255554	0.5160996258976944	-0.1779049897693755	-0.4678998451074195	0.4967829951670248	-0.03307986164237415	0.251905734174314	-0.34629584847458506	0.6676507286899414	-0.28798994401423644	-0.24471758390417234	0.3921151150035976	0.844301556350349	-0.1114412667532009	0.07423696395015796	0.32745181968183085	0.49687621281469746	0.6321991230660434
