sub	ses	runtype	tr_0	tr_1	tr_2	tr_3	tr_4	tr_5	tr_6	tr_7	tr_8	tr_9	tr_10	tr_11	tr_12	tr_13	tr_14	tr_15	tr_16	tr_17	tr_18	tr_19
sub-0131	ses-01	pain	-0.34085424776119666	0.10093664397233257	-0.14514187624001632	-1.24838950596999	1.9618496838457296	-1.542037125781776	1.491960219491614	0.28705816041190757	-0.44638281231910265	-0.11290462614646238	0.5829228226727442	-0.759281363029973	0.17692332245665351	-0.5117183211803278	-0.13603207656799338	0.5207663663626956	-1.1002385552200862	1.4213236316131803	-0.18149425097995586	-1.322792106839586
sub-0131	ses-03	pain	0.3139713866083594	-0.6033515285392811	0.18367106689338125	-0.16609052657434117	0.635696333602695	-0.2711567367976569	0.0066238177426085395	0.3004439378332193	-0.3402183057224271	-0.29215544469918847	-0.31902330721372185	0.783154819587596	-0.7833304013517957	1.0140059046078123	-1.1246066297416204	1.36189540238826	-0.809518048375651	0.38732667759365286	0.2062519298012539	-0.4598076770701617
sub-0131	ses-04	pain	0.04250613522491133	0.22087798149756643	-0.5171440436355483	0.6712731732579357	-0.9673910028371256	0.16166635995782802	-0.0679472585972773	0.5055931909012545	0.4111496767570367	-0.46604650901262473	-0.3150947587571947	0.35920983723995953	-0.3491349515925179	0.8211533874068057	0.14885282811659173	-0.1438808124732033	0.4318700012087266	-0.11530927677417405	-0.01597464383741555	0.54189123028261
