sub	ses	runtype	tr_0	tr_1	tr_2	tr_3	tr_4	tr_5	tr_6	tr_7	tr_8	tr_9	tr_10	tr_11	tr_12	tr_13	tr_14	tr_15	tr_16	tr_17	tr_18	tr_19
sub-0131	ses-01	pain	-2.578546971290309	2.994168187277937	-2.277625275591755	-0.9887247756558319	2.9543733145832487	-2.4348952179058956	3.514502493092279	-2.5110131739697885	2.7643413323690305	-3.628945063973593	3.6707349452616844	-5.6591932925079265	6.2077982762068595	-3.2925409270645907	1.6633802216492548	-0.966390327167903	-0.5290078502701104	0.7696368014151914	-0.6486441357057087	-0.12436948104320222
sub-0131	ses-03	pain	0.3058758949294852	-0.572881040842106	0.28839932347395636	0.18845243910302908	-0.1115076579054884	0.180025399524925	0.10695578775428809	0.2728575884913182	-0.36767161226891004	0.12687912972939694	-0.9763073111673083	0.9597282385162995	-0.3459811410665813	0.8032230744801439	-0.821467127051751	0.6429466194579785	-1.510432323460151	1.1082161835262367	0.8658824564187695	-0.7065057227378003
sub-0131	ses-04	pain	-0.500707519042654	0.7983102215077236	-0.5704623683912147	0.5109511148697077	-0.8271518806719738	0.508649685612735	-0.9418019463629972	1.2033933208518988	0.6138857198295077	-0.5347330863412963	-0.9290099043085767	1.279488122234341	-0.6379723232795794	1.345649484792577	-0.15491618947433888	0.499778655887106	0.24013811767550247	-0.5387709372069232	0.19944991313030078	1.3825351232928929
