sub	ses	runtype	tr_0	tr_1	tr_2	tr_3	tr_4	tr_5	tr_6	tr_7	tr_8	tr_9	tr_10	tr_11	tr_12	tr_13	tr_14	tr_15	tr_16	tr_17	tr_18	tr_19
sub-0010	ses-01	pain	0.7694926052289659	0.317692362064066	-0.2701877970358748	-0.08652263038686274	-0.5474544211918232	0.3650376279963192	0.38518766181662456	0.05863261388332698	-0.05760616060326597	0.26361106661586337	-0.0955227440876385	0.41406519193241176	0.39787690495375394	-0.42900831961948266	0.006957045318305084	-0.47276780141946273	0.5646862582273171	0.13746513910588404	0.10409844130624177	0.15602877426243225
sub-0010	ses-03	pain	-0.3809895193341475	0.7078986661256821	-0.4247767441045156	-0.4859309324508689	0.8613335226740276	0.19177522766665728	-0.1430036513687165	-0.37408568693553607	0.38077191765844215	-0.10091096638939627	0.2341941374726311	-0.25356165834192157	0.1120573901580674	-0.05446373600683405	0.10353432642130884	0.6565850704806222	-0.93684782998866	1.0062777880913112	-0.7632380834151234	0.3673471619614286
sub-0010	ses-04	pain	-0.12288720423817721	-0.14446336741206897	0.4136763501157631	-0.1955482751483811	-0.07694055446496406	0.7472227067781174	-0.516842734682844	0.0984688572215358	-0.19095924759803296	0.41497073371082194	-0.17084786698421284	-0.10045893448491536	-0.014369345857619929	0.5131977588227253	-0.35827517213847787	0.29828652767347935	0.40599069428290335	-0.3881970926893832	0.311799303092674	-0.04620438909534013
