sub	ses	runtype	tr_0	tr_1	tr_2	tr_3	tr_4	tr_5	tr_6	tr_7	tr_8	tr_9	tr_10	tr_11	tr_12	tr_13	tr_14	tr_15	tr_16	tr_17	tr_18	tr_19
sub-0010	ses-01	pain	0.659303576940573	-0.1699050080979623	-0.3858143638173907	0.38442182068639963	-0.19863532315174764	0.25745797804213727	0.07170052869903543	0.05308991529623962	0.2445569150315636	-0.49634585228351974	0.3748733605512113	0.056763543407982724	-0.24457738397726972	0.006461111575838207	0.008097206080925795	0.1611180140420998	0.42102099967610923	-0.3097232750690533	0.24594013738973916	0.22439326773235221
sub-0010	ses-03	pain	-0.30526189213959914	0.6340151539311829	-0.5650563254652704	-0.3886257203504652	0.5641028124559844	0.06443079707231521	-0.45970894661215056	-0.11956305644872019	0.7216883390625086	-0.6617529937020147	0.2716938854823416	-0.5091282147468434	0.5419996344188944	-0.21188613712725315	0.022908265526152962	0.28476848706160957	-0.10922517169535885	-0.31044640644624655	0.45923812954987386	0.09750387953984102
sub-0010	ses-04	pain	-0.36126938923490165	0.6752254255321669	-0.3652961775058291	0.617612059449602	-0.8203498991277512	0.7532064443608867	-0.8351941852224788	0.22653339478836657	-0.04938123792637519	0.360186427111139	-0.17867004911942116	0.25823374691578127	-0.4471579290919881	1.1184380113062835	-1.0384026274921034	0.2692837333838325	0.19820717545684471	-0.6685844854599836	0.08960266301379413	0.17101482933859435
