sub	ses	runtype	tr_0	tr_1	tr_2	tr_3	tr_4	tr_5	tr_6	tr_7	tr_8	tr_9	tr_10	tr_11	tr_12	tr_13	tr_14	tr_15	tr_16	tr_17	tr_18	tr_19
sub-0081	ses-01	pain	0.1333455765079905	-0.012569577759202633	0.8310873080073646	-0.8057408578042682	0.2457373546871612	-0.06082502805329103	0.3377382648116168	0.14231667228893854	-0.6231364784262374	-0.07227536745706813	0.1952631861667125	0.12954304987778392	-0.0035137286906558422	0.5366909121504816	-0.6837542671715086	0.3965447797706675	-0.16323690155833337	-0.125219614195303	0.4540564179242432	-0.8203018022366267
sub-0081	ses-03	pain	0.5156073425509119	-1.241109740557128	1.1503772495585387	-0.34992388867936347	-0.23268636555288438	0.6071482181387192	-0.09004999919180368	0.1661662798420382	-0.22452001590595266	-0.29801524467881996	0.07942970224523464	0.12527911770892378	-0.26428513151568966	0.7203803489458221	-0.8322621305059326	0.3864076436792542	0.26271790701401776	-0.07173600808547913	-0.05005181179127979	-0.9094615742400278
sub-0081	ses-04	pain	0.1554099741840319	-0.8286098047049948	0.9873858796020962	-0.35007708083717143	-0.12385706241163344	0.35602660146463094	0.022285793113453658	-0.029629710435836287	-0.20810816532968143	0.24293913881412946	-0.01161043126239295	-0.15756721687822944	-1.1444374004616797	1.786445139887006	-0.2535587516046632	-0.5682125380983211	-0.06973398821151369	0.8589966950336723	-0.5056867087418412	-0.2135075464270263
