sub	ses	runtype	tr_0	tr_1	tr_2	tr_3	tr_4	tr_5	tr_6	tr_7	tr_8	tr_9	tr_10	tr_11	tr_12	tr_13	tr_14	tr_15	tr_16	tr_17	tr_18	tr_19
sub-0081	ses-01	pain	0.015891688868456898	0.09602481291840027	0.2168609351750297	-0.17991970069524432	0.5335065059792319	-0.6953167440645369	0.45742773890444255	1.2115284354352471	-1.7887552734995296	0.8094042027653382	-0.09108897931757298	0.10309023962712123	-0.21428476410841288	0.45205047456893716	-0.4007645822897442	0.6854063834024321	-1.1590830680474715	0.60293104763591	0.6969015130941376	-1.2376866284572774
sub-0081	ses-03	pain	0.2248778077621687	0.2668770628253241	-0.5280203898741026	0.40581723524625174	-0.5648643426196736	0.6212069668770157	0.1824594712962367	0.5380336243911144	-0.747171264235098	-0.04514233829134579	0.6451541351903209	-0.5205515951109397	0.976147602370626	-0.660678069738155	0.32174358219372007	-0.7846193710028169	0.8772449249565983	0.14990541374495997	-0.19475204894402215	-0.9987525279800389
sub-0081	ses-04	pain	-0.6580617992874729	0.30910221954835015	0.3714502893287412	0.3915247633794444	-0.010082583709682954	-0.019716619381322378	0.029329816776284014	0.7586662131922265	-1.0387728766437008	-0.24299310685258305	0.551041196799459	-0.04994183228725664	-0.9289681606801473	2.633335245880707	-1.3188164928805928	-0.2557743009098957	0.5654400223720419	-0.22471399626756033	1.1462158056375147	-1.9536722741578094
