sub	ses	runtype	tr_0	tr_1	tr_2	tr_3	tr_4	tr_5	tr_6	tr_7	tr_8	tr_9	tr_10	tr_11	tr_12	tr_13	tr_14	tr_15	tr_16	tr_17	tr_18	tr_19
sub-0008	ses-01	pain	0.21045713583937917	-1.1279400344798045	0.875587423110057	-0.1394433529216797	-0.08315870887350427	0.2677789460257739	-0.18875682151363324	0.47375892904844796	-0.7864897891639703	0.4969826040176455	0.017282731008411347	0.1935364979271524	-0.19354733817656103	0.964080538660271	-0.15739221492777175	0.19031559935484016	0.43605778048646626	0.5079406697141573	0.22267161270087651	-0.18769075036994914
sub-0008	ses-03	pain	-0.28009735092819305	0.7621968252570507	0.21548960196108824	-0.4976250399927687	0.2875568347240013	-0.11388720172380108	1.2531970682007412	-0.6361758832952245	0.6228684175488242	-0.24102403062958055	0.36684274502139297	-0.0884862289353382	0.7281444430813396	0.0511423485846619	-0.4248020102895601	0.584657407473745	-0.044870321799626904	1.1500941047959767	-1.3127109176045493	1.1242750230683918
sub-0008	ses-04	pain	0.261883481646643	-0.2990701499559806	-0.20013191944763378	0.6409262840950575	-0.04322110615605545	-1.355726266268955	1.8887333247083442	-0.2947647985336901	-0.16173062842172856	0.9021078054251584	0.15280528273314659	-1.1169244102796898	1.3546783320125007	0.39497751180460167	-0.008140238806380835	-0.48120059585331165	0.5503460985527187	0.9643692699740977	0.31034103689597053	-0.4161673109859716
