sub	ses	runtype	tr_0	tr_1	tr_2	tr_3	tr_4	tr_5	tr_6	tr_7	tr_8	tr_9	tr_10	tr_11	tr_12	tr_13	tr_14	tr_15	tr_16	tr_17	tr_18	tr_19
sub-0008	ses-01	pain	-0.3670206804759022	0.17866493005458792	0.12223048085997724	-0.020243471360712466	0.05756435042807821	0.2077493687501504	0.021635168352978032	-0.36493121396762956	1.1156736239014302	-0.7093002331280355	0.1257448703680289	0.662706210310341	0.04032931705301201	0.14847234698503323	0.9579013956061396	-0.2391082778691824	0.40977049536438237	-0.04422609631173511	0.37228032887389223	0.5485989208276805
sub-0008	ses-03	pain	0.2590386892794305	-0.011547513220884677	0.494218961911826	0.2941178375118914	-0.27090404501533144	0.20142348276777253	0.04467158354629147	0.11608204895100026	0.14940587443308623	-0.005696533280520432	-0.6861837921596801	0.3959013701447144	-0.6116314144536527	1.3660027109400066	0.8597795057559675	-1.053027828711695	0.9939079339498307	-0.29254011566881694	1.212868563575448	-0.5938296431704226
sub-0008	ses-04	pain	-0.6610648143147263	0.24606358569860573	0.48056685740220284	-0.6229627009519533	1.2401836651806197	-1.1603538470448778	-0.18714072202574134	0.26973858051158156	0.00483532008261992	0.6924486587821033	-1.1836869599220212	0.7256915200198946	1.2609918847620418	-1.1003930846348666	2.3375942299441093	-0.790677075060941	0.8329581850188245	-0.28601233196915127	0.2742600533466458	0.4409317506043872
