sub	ses	runtype	tr_0	tr_1	tr_2	tr_3	tr_4	tr_5	tr_6	tr_7	tr_8	tr_9	tr_10	tr_11	tr_12	tr_13	tr_14	tr_15	tr_16	tr_17	tr_18	tr_19
sub-0098	ses-01	pain	-0.08501082291363203	-0.3783402052747773	0.7282983104085141	-1.2753058942828313	1.4146610593104172	-0.24828875190185304	-0.6243375986448901	0.9710908758994614	-0.07966751919645987	0.22617210984921549	0.10215636461424417	-0.009936956848094534	-0.143697247221009	0.26124768705707957	-0.9342021002736878	1.6810001598492263	-1.0263354180748572	0.28033334242623353	0.3987691058147387	-0.5619073565655907
sub-0098	ses-03	pain	-0.49996032826445563	0.7431593331294689	-0.19202658978967982	0.6143591267676761	-1.1769687533759312	1.7665934775031373	0.25364968484628	-0.6163121028335803	0.46338401926545325	-0.12505000755464035	-0.3667406040196719	0.2579410961773264	0.38699264946081424	-0.6107362344845937	0.2817081660122015	0.14555820871460878	0.213263277656412	0.16782022145773462	0.04857416998820408	0.03511854824176516
sub-0098	ses-04	pain	-0.43447957426483386	0.43658410734193087	0.2851819524659233	-0.9703997547781822	1.4093516940332966	-1.1625816732002363	-0.12496547527588071	0.38307375391394155	0.20023006088151285	-0.23319015214459596	1.1906556786599765	-1.2873225898317484	1.2338355837078925	0.9535157356845456	-1.0903436769776276	0.4487333705325101	0.16119790994077374	0.17050153384644987	-0.9262888817959912	1.1136557236823446
