sub	ses	runtype	tr_0	tr_1	tr_2	tr_3	tr_4	tr_5	tr_6	tr_7	tr_8	tr_9	tr_10	tr_11	tr_12	tr_13	tr_14	tr_15	tr_16	tr_17	tr_18	tr_19
sub-0099	ses-01	pain	0.11633058843244543	0.005185485104582269	-0.3447109575929957	0.18284528320039825	-0.08156295532023548	0.6464182974287115	-0.3594334894369306	0.3265883292094548	-0.3588618263712929	0.2509207758520771	-0.16291177986993063	-0.04630745852271467	0.2827607127428959	-0.11518518170770901	0.06572064598965585	0.13548531034895028	0.40702331065612835	-0.1269983783653976	0.2239589125045294	-0.33928071955962175
sub-0099	ses-03	pain	-0.418371698659569	0.6171545076020297	-0.4387821938925798	0.05706596969657193	-0.4214003522756679	1.4248404246457678	-0.8644193869373543	0.6483090462582198	-0.39784071598911	0.5758099989315676	-0.5466332578111087	-0.07216951770585028	0.8200010027985476	-0.4946629764749811	0.43497133591581727	-0.43337680350921437	0.9067697912335839	-0.7414186170006523	0.5829933045176305	-0.6786013799090156
sub-0099	ses-04	pain	0.4629211314895785	-0.20371847758956887	0.5015956559952696	-0.3214593073438764	0.04993622053933852	-0.1057320908553555	-0.012233124196162251	-0.12470083043065226	-0.07284767916174123	-0.13726681752923783	0.03149512386075976	0.19699692565722596	0.03741119639452552	0.1361291970886562	0.13555924047951703	-0.35695441639500025	0.18490506389740186	-0.031620546679344344	-0.17094414846754413	0.09567585106037475
