sub	ses	runtype	tr_0	tr_1	tr_2	tr_3	tr_4	tr_5	tr_6	tr_7	tr_8	tr_9	tr_10	tr_11	tr_12	tr_13	tr_14	tr_15	tr_16	tr_17	tr_18	tr_19
sub-0099	ses-01	pain	-0.18255220368701133	0.38817537066419905	-0.32407080232793206	0.10996389496848254	0.036253533481009896	-0.1840255889394318	0.03533729562361507	0.4382518139917554	-0.6623932440647914	0.4512734238878093	-0.8631210794374535	0.9033562540518915	-0.6936275758740518	0.4819538461781426	-0.16504578786230362	-0.5413262702838783	0.5391637843401965	-0.44393427452087747	0.7617657317691641	-0.8163507012818038
sub-0099	ses-03	pain	-0.0863342560532444	-0.028531104505061192	0.2450501421545408	-0.32270547611931266	0.26506576775084556	0.19389371860079177	-0.5148782237864806	0.6291334593260791	-0.3708918976479993	0.21084897315983187	-0.16207946433727796	0.2657451767673789	-0.5288042505248635	0.9610127866146014	-0.6624571969924796	-0.07517595068927621	0.6078101714256519	-1.3865835290076394	0.8983573773869107	-0.2767093429404
sub-0099	ses-04	pain	0.37972933024262695	-0.43901989758468346	0.2365939005263099	0.3502663452760289	-0.5201736737971322	0.38632449043338046	0.13781349942526788	-0.27837667176150327	0.4020494651616683	-0.01363373984065085	-0.11485640131979812	-0.15164955873579036	-0.38414077793034707	1.008997438599951	-0.45982355737725467	-0.1086343085958645	0.3079441879849313	-0.5760896900260256	0.6083738174398091	-0.5916164830102805
