sub	ses	runtype	tr_0	tr_1	tr_2	tr_3	tr_4	tr_5	tr_6	tr_7	tr_8	tr_9	tr_10	tr_11	tr_12	tr_13	tr_14	tr_15	tr_16	tr_17	tr_18	tr_19
sub-0053	ses-01	pain	-0.4288307813207723	0.12168079261421791	0.24907808589485642	-0.17654238920549714	0.76468004060213	-0.8132586829868002	0.6491170878910564	0.3627083055786566	-0.6142386025630179	0.31491964007136014	1.229461126179593	-0.9000677316211536	0.19022642782220905	-0.07434847498798033	-0.06234818517162001	1.1430743193495325	-1.311882907501901	1.1843548768281102	-0.4861613870689358	-0.31625144081447615
sub-0053	ses-03	pain	0.6513350306525213	-0.33529668058847695	0.17458216561818826	-0.06119230829370181	-0.07655937985824474	-0.5433043009378722	1.096342508550143	0.07896394994495601	-0.11248308140550252	-0.3756511212151828	-0.0991175635523092	0.48352295113275473	0.2201474421100969	0.2358937132486	0.0676713998048464	-0.4169538775192967	0.6113027518767462	0.33788956501098516	-0.2674431967166991	-0.33891173920728357
sub-0053	ses-04	pain	-0.45330059042101084	0.8462861462958411	-0.720857198638778	0.395126171042297	-0.25633664370396464	1.1055335113530598	-0.8339694412447328	0.746369647533413	-0.7726188530586352	0.52142435600948	-0.488056160425971	1.080220593766049	-0.40379588128642935	0.5311087091355816	-1.3293350200792557	1.4132277085176557	-0.3973170515522977	0.6996230870538146	-0.8798613245948111	-0.5744722212480937
