sub	ses	runtype	tr_0	tr_1	tr_2	tr_3	tr_4	tr_5	tr_6	tr_7	tr_8	tr_9	tr_10	tr_11	tr_12	tr_13	tr_14	tr_15	tr_16	tr_17	tr_18	tr_19
sub-0036	ses-01	pain	0.13332608172785837	-0.2195101797376326	0.31067046949645877	0.0341218100661223	-0.1565805560243338	0.9518388828992532	-0.687776045691173	0.38967943937867966	-0.44637971216441225	-0.042925228461475895	-0.12113813995401426	0.03848074662133601	0.11407602960647638	-0.12173913116374398	-0.3214365465284055	0.26962213291818227	0.9040443078499186	-1.0876662941442503	0.7467033091619955	-1.025389687134842
sub-0036	ses-03	pain	0.11894960766499395	0.7057555396894596	1.3511593526813557	0.9787659132982114	0.15694292289953257	-0.2248229444148674	-0.9330023284111603	-0.14459041752963345	0.011982484637308203	-0.7294092178322509	-0.11709660445429874	-0.08937862198707244	0.26476054816893346	0.8209613956388087	0.05192974935823671	0.4782784080737989	-0.27387721433689405	-0.26957442070051824	0.1436755406732526	-1.5666860557518394
sub-0036	ses-04	pain	0.6538795711152472	0.19413032386128712	-0.9851914037016216	1.1296630270359185	-1.1517200793266886	0.34216924702613616	-0.2784768202326811	0.2675991335481141	-0.7754115011001829	-0.11954624209383292	0.5929106664525147	-1.0471802703322373	1.2507857839521288	-1.0574562608873512	1.188817182735178	-1.4955751097163996	0.921265268151835	-0.29046960251303	1.2022215086662078	-2.1168308559475046
