sub	ses	runtype	tr_0	tr_1	tr_2	tr_3	tr_4	tr_5	tr_6	tr_7	tr_8	tr_9	tr_10	tr_11	tr_12	tr_13	tr_14	tr_15	tr_16	tr_17	tr_18	tr_19
sub-0103	ses-01	pain	-0.5674080690645251	0.3384806992877968	-0.3177794769299489	0.8869236596548967	-0.017328866629059334	-0.22096434594404127	0.24916766398990065	0.20300408148128482	0.9329204649826139	-0.6971139881441473	0.44421187453567923	-0.2018719255547167	0.7097637765681764	-0.11550135048265638	0.2500251895052072	-0.13594095616372798	-0.3804706218460511	0.30478083361257685	0.22794524103877345	-0.44609273074655637
sub-0103	ses-03	pain	-0.2548822174622998	0.005859822600876949	0.2457084673644206	0.45670725849845767	-0.20647258882832925	-0.0359215847136163	0.6672091757763006	0.1745164414511011	-0.2005539671628313	-0.18553010437880224	0.505713946074317	0.303147384259013	-0.2660397890853593	0.7905582401219913	0.02366818104241971	-0.019779310172883636	0.16196401295518412	0.2948976656538982	0.13382788630557924	-0.9443939397498816
sub-0103	ses-04	pain	0.07027484796354025	0.11098184641067552	-0.4052757602806121	0.2013877952555761	0.2886755373207826	-0.27487849339180037	0.8475261403921253	0.037233281852488885	-0.038900362467676884	0.053432485565413065	0.1033493794850151	0.6899227842421948	-0.7694532297945768	0.3271216514075102	0.2544693549081789	0.15786777648914982	-0.9549234341425477	1.073057951111019	-0.5040037738024359	-0.2738910615077249
