sub	ses	runtype	tr_0	tr_1	tr_2	tr_3	tr_4	tr_5	tr_6	tr_7	tr_8	tr_9	tr_10	tr_11	tr_12	tr_13	tr_14	tr_15	tr_16	tr_17	tr_18	tr_19
sub-0058	ses-01	pain	-0.09818858230157898	-0.16806663793087764	0.7728064649856533	-1.3571031885182303	0.9953057612839813	-0.17494178078498482	-0.17701190071395645	-0.16008390777794132	0.3974417841703425	-0.07705131252372684	0.06399730582961921	0.10966500123790777	-0.14150242203324984	0.19813634418179452	-1.0618081185795896	1.2940272001680058	-0.19434276417150767	-0.3697946360802994	0.3846099690710567	0.23747974086602658
sub-0058	ses-03	pain	-0.4266139696375167	0.7022078638532486	-0.5173490480938446	0.43155675920862563	0.2528433320123605	-0.7855967328829204	0.6112415064272776	-0.18055769355592818	0.09075026171786206	-0.05661944596719133	0.26196891297655456	-0.4989888235817432	0.7933033938569661	-1.2276185997937188	0.5436901103098019	0.14327791984623767	-0.31309980472567334	0.5465086872366776	-0.24654856595474817	-0.09106086700481197
sub-0058	ses-04	pain	0.19198791118922232	-0.40736456541192423	0.45458298028323163	-0.5817232939719789	0.33148824723826487	-0.15944602232824753	0.5898416877488329	-1.1451995777675594	0.989768155843783	-0.24256167988901575	0.10014197041700265	0.16444736322513165	0.04443859586195272	-0.1458910062662006	0.055391732317184014	-0.37394875963796353	0.15918429805243092	0.7669479042189454	-1.1566688582928897	0.8864942493217471
