sub	ses	runtype	tr_0	tr_1	tr_2	tr_3	tr_4	tr_5	tr_6	tr_7	tr_8	tr_9	tr_10	tr_11	tr_12	tr_13	tr_14	tr_15	tr_16	tr_17	tr_18	tr_19
sub-0058	ses-01	pain	-0.4497575947709317	-0.22469940180813686	0.37415733034049337	0.028058643896859862	-0.0719833756695639	0.5478094516269458	0.25426400952272044	-0.5081263950861459	0.6301275898010548	-0.7300900033218267	1.065344772540333	-1.1381006323546352	1.1978411869271042	-0.6302989141492132	0.08331495755389971	-0.15310407083594926	0.3672045385914235	-0.09634367594226123	0.25397628638468256	-0.08178585328577792
sub-0058	ses-03	pain	-0.326182184672672	-0.1043115545347235	0.17266950408178103	-0.7651225534777806	0.5628992448583562	0.03798924206351702	0.16761730730844923	-0.35766522832018177	0.026750240101995486	-0.16070606520165737	0.04380350227941512	-0.3086203399946151	0.8338156547037265	-0.6477322829890616	0.007424591171843799	-0.2810468216084561	0.41446225070110293	0.17054658933583547	-0.3274260389671036	0.37054984864157325
sub-0058	ses-04	pain	1.0221098473096233	-0.9388135169077048	1.0005117768309437	-0.4278657143225066	-0.5176508230310005	0.16522269764463282	0.29878863296133645	-0.7100928888141382	0.4722989208942366	-0.041566999129640625	0.1402634305606493	0.31312897924495764	-0.5965820483307762	1.5015296864009324	-0.6337658806541197	-0.4797652867602053	0.82912871874729	-0.18194084840357763	-0.868766750630655	1.1850226853900379
