sub	ses	runtype	tr_0	tr_1	tr_2	tr_3	tr_4	tr_5	tr_6	tr_7	tr_8	tr_9	tr_10	tr_11	tr_12	tr_13	tr_14	tr_15	tr_16	tr_17	tr_18	tr_19
sub-0058	ses-01	pain	-0.1357311808399004	0.06712119886102443	-0.6360915876831088	0.05077641942465328	-0.03652427679353359	0.6498989295392777	-0.08708559952579507	-0.6040662989064747	1.04103596324843	-0.704153648016516	0.4195232862078302	0.8563045986342257	-1.1770682097811997	0.41905577599441624	-0.46445986736208306	0.3756846265019241	0.7155649440195896	-0.637846890644404	0.5507944208384303	0.00783333610677173
sub-0058	ses-03	pain	-1.0208585925941605	0.5221999802665477	0.1735258449477635	-0.47890974796912655	1.0901051542277596	-0.10802894236464593	0.30320591772251204	-0.6722452415073349	0.05238454357592531	0.08877368306415846	-0.05210804626832519	-1.188421630138065	1.2510346467292053	-0.8248050386599304	0.7274566621651526	-0.17734145604602536	0.6817877284690033	0.1855500759799952	0.05099896151115912	-0.8744716596645453
sub-0058	ses-04	pain	0.9935257806791001	-1.3109348397881426	0.8645308512388494	-0.3789602528279513	-0.27997617189425505	0.06234718500131843	0.32685310762241493	-0.7739270630887247	0.4111838159232261	0.1657524835169865	0.18897759906986464	0.5731741734295068	-0.5252915629669669	0.7089241992169582	-0.638958551991764	-0.37640024208724204	0.5251382169363318	0.06147601895752476	-0.663513785542451	0.5949922022322609
