sub	ses	runtype	tr_0	tr_1	tr_2	tr_3	tr_4	tr_5	tr_6	tr_7	tr_8	tr_9	tr_10	tr_11	tr_12	tr_13	tr_14	tr_15	tr_16	tr_17	tr_18	tr_19
sub-0133	ses-01	pain	-0.20835628692712238	0.26450064476333396	-0.6372114320376898	0.5802292430389386	-0.1710314570930671	-0.0708751676993656	0.2000916742032935	0.14901555705365194	-0.2705269882900027	0.39136690346358455	-0.6567441343042907	0.060158064738699966	0.31153697168825056	-0.4086603651654326	0.4643112194512013	-0.8043205080997321	0.6149789400634761	0.35776697525165974	-0.2609328842321391	0.8510773115448412
sub-0133	ses-03	pain	-0.6953691941961531	0.5739226284704769	-0.8520999488477842	0.6051769501233311	-0.7368011637567512	0.6569216171527347	-0.2876753196300935	-0.3703737914516217	0.582940881520584	-0.24023175360831048	0.5603043701935951	-1.0340385626393604	0.49075247604149586	-0.47072931704744186	-0.003983645831086956	-0.3254191668617526	0.9013963363695942	-0.43551150131916505	-0.45209868011451027	1.3438356897720354
sub-0133	ses-04	pain	-0.14226179605080663	-0.049532412979146616	0.32669709419620657	-1.1334761620885432	1.2183369527928374	-0.6805811905724249	0.08779984099033258	0.01781762659411869	-0.06400149251576748	-0.24665771317847904	0.004375846815885222	0.24176666775870445	-0.084534509887528	-0.352148169669778	-0.256818085243698	0.12639826018100606	-0.017771407620824062	-0.25745729626812636	0.16693925802338855	0.5636097136806144
