sub	ses	runtype	tr_0	tr_1	tr_2	tr_3	tr_4	tr_5	tr_6	tr_7	tr_8	tr_9	tr_10	tr_11	tr_12	tr_13	tr_14	tr_15	tr_16	tr_17	tr_18	tr_19
sub-0083	ses-01	pain	-0.23857897880157086	0.676359440760759	-1.2483702185611854	1.3645732433017814	0.03703388652629386	0.07461749797554626	0.1640464300378438	0.3523361803437648	-0.240368132209127	-0.03477149692349186	-1.0847121776638697	1.3132137427293986	-0.042335369485900165	-0.8813869791055281	0.700486011380337	0.424498372725286	-1.034313309421227	0.5487201550858223	0.2558430256540212	-0.9963590785758657
sub-0083	ses-03	pain	0.2587467417735011	0.5603328907702381	-0.3730532725804622	0.49599142143492847	-0.5801940999620823	0.4761563553364118	-0.3683775844784007	0.8372094409568894	-0.6980891354288327	-0.8847292685419648	0.8200973960115989	-0.21790720469040256	0.2908511121434756	-0.07086415974318898	0.32333615319482273	-1.1124010668946729	0.5683855718506382	-0.08601143766472236	0.4026796206091449	-1.1585661679859496
sub-0083	ses-04	pain	-1.0744840723018072	0.8726748606490329	-0.7663859905011379	0.46107639195466965	0.36069768881290254	-0.6885822856135512	0.9638627124109673	-0.7620927568523451	0.49753906133040937	0.27198939709196795	-0.4716759980064355	0.34647980398358463	-0.8043238268699113	0.4163054709132683	-0.20037061357368244	0.3295426213103045	0.4400520567752178	-0.07646749407505356	0.42782748530084125	-0.2596444421765134
