sub	ses	runtype	tr_0	tr_1	tr_2	tr_3	tr_4	tr_5	tr_6	tr_7	tr_8	tr_9	tr_10	tr_11	tr_12	tr_13	tr_14	tr_15	tr_16	tr_17	tr_18	tr_19
sub-0083	ses-01	pain	0.4062326250493241	-0.8104158598509346	1.405312109696586	-1.0041492633978872	0.5890633544849609	-0.21288865694721842	0.6692381146651654	-0.6382221381934446	-0.04822686107514907	-0.45684688796599304	0.6586179270697246	0.051399283667807695	-0.20473276868968304	0.6685355455640254	-0.9258431872407334	0.39961908236945837	-0.7776008520516732	0.8853473586477365	0.316324381442229	-1.3728563568595615
sub-0083	ses-03	pain	-0.2799758893671369	0.7859925210065329	-0.5687476780069043	0.4735493247031529	-0.395228936416292	0.475791050009621	-0.9195860589200395	1.2051173984683397	-1.070178368300528	0.15605886050334028	-0.1459468950508361	0.39485956239876574	-0.2466538898991816	-0.1579241963476281	-0.2063978630501348	0.07157802917525716	0.10575966420634683	-0.1675946425908621	0.48594709515709394	-1.2953739652885752
sub-0083	ses-04	pain	-0.4081819211669002	0.381634480321291	-0.0846904880721708	0.041486027333122046	-0.1749762487442632	0.5602208517184767	-0.8217273790195642	0.9836893161823229	-1.0239784732437263	0.3983356342015767	-0.9158091403557648	0.2631299052544427	0.5148589852197775	-0.1685551644268126	0.6476524390181856	-1.0767265188337753	1.5545871659991197	-1.3129048327333537	0.47524468838742495	-1.1065509552798745
