sub	ses	runtype	tr_0	tr_1	tr_2	tr_3	tr_4	tr_5	tr_6	tr_7	tr_8	tr_9	tr_10	tr_11	tr_12	tr_13	tr_14	tr_15	tr_16	tr_17	tr_18	tr_19
sub-0127	ses-01	pain	0.3545740192737067	0.2585522770538408	-0.8459289774011421	0.9854512472857796	-0.25441944595757116	-0.5881030857957498	0.7214525578124429	-0.987805595764848	0.6360042482563131	-0.18407062439250868	0.07504251449614446	0.0361479025852292	0.14368875415836252	-0.6017681079584122	1.3713123811515258	-0.8478762997353468	0.18523913784828513	0.3518501766954913	-0.7919249261677528	1.070050291683707
sub-0127	ses-03	pain	0.8767506609267491	-1.1271257218689705	0.41901530559527467	-0.058400644194579104	-0.32443690779080986	0.7642234528763042	-0.8155244020992849	0.9891065552036715	-1.4088080917749675	1.7848549644498373	-2.4746623506288006	2.587134271186514	-3.0463674189449246	1.7829347811321405	-0.8332163933733758	1.060879534086288	-1.27905023964906	1.1512299397875447	-1.5265213451760997	1.1491155789860514
sub-0127	ses-04	pain	0.7209542041520953	-0.3229867498088693	-0.030463964964462895	0.08707903778276754	0.060331948262188295	-0.018896253648989877	-0.2231708290008273	0.19335700644165874	0.031638341095903	-0.408806305855173	0.42993082561248747	0.31816665335422206	-0.5205562388649515	0.1707617136757121	0.3632987244231703	-0.5726339057808756	0.4184882488940324	0.6056667415356725	-0.5009844480413403	0.2840635713453649
