sub	ses	runtype	tr_0	tr_1	tr_2	tr_3	tr_4	tr_5	tr_6	tr_7	tr_8	tr_9	tr_10	tr_11	tr_12	tr_13	tr_14	tr_15	tr_16	tr_17	tr_18	tr_19
sub-0093	ses-01	pain	0.825163346543308	-0.9548410259366775	1.5112729486518963	1.2550810860033021	0.404444058981615	-0.6657782456223219	0.7748037819642317	1.047803031435001	-1.2653034152718112	0.8848119554366158	-0.7220036059988085	1.178958315910456	0.3092819197264767	0.013549708647331788	1.18202588839309	-0.2649693095399818	0.8510631028383342	-0.08398154801721344	0.5658630774397221	-1.6470783539221465
sub-0093	ses-03	pain	0.1259132154240626	0.4635451167123737	-0.6315328523422558	4.370394705056112	-32.50636464222069	35.110657683632425	-2.7869440925301654	-2.575047313756139	2.6573310109548856	-1.4038455868529192	1.53190526856085	-0.9290519481006184	1.8634626779294126	-2.0814872337571253	0.35013881794819207	1.1757987565677541	-0.08702572078275507	-1.0304598861884566	0.43946351279350226	-1.0107481044584425
sub-0093	ses-04	pain	0.823384751855816	-0.5918328505892552	0.18260235996588653	0.011118679819236187	-0.6510420855127782	-1.5537893636417028	0.3236641887663949	0.26372919601589423	-0.6835510793526213	-0.7578474615354839	1.641705379156324	0.3202253746306557	0.3594172754153051	0.7992198628038018	-0.4171235022595871	0.9682391222461364	-0.6801525574052347	0.7483077023791742	-0.031332969098403336	-0.740426547275401
