sub	ses	runtype	tr_0	tr_1	tr_2	tr_3	tr_4	tr_5	tr_6	tr_7	tr_8	tr_9	tr_10	tr_11	tr_12	tr_13	tr_14	tr_15	tr_16	tr_17	tr_18	tr_19
sub-0093	ses-01	pain	1.1469021973364744	-1.1776941731144182	1.4563280035761423	-0.3263061677857543	0.14440919382708045	0.10692237415527266	1.7798796769799883	-0.31675373235326026	-1.3538543251145667	0.7664903232728069	-0.29220933905983154	1.0633335174313776	0.019501446561807755	0.30808047304092573	0.14508926742434805	0.4572776986254782	0.37452714087933486	0.5641713533958965	-0.19279008181303323	-0.9824190245185485
sub-0093	ses-03	pain	-0.4421766499699411	1.2952956552123338	0.336384186136421	4.443945773082975	-33.71782127839513	36.21633675354647	-5.509283545848744	1.1160071818743984	0.48351494121615796	-1.0053424473479284	1.1084821571378227	0.5843113041844699	0.019512640341996096	-0.5329372240418366	0.22976401535924743	1.3437997029748805	-0.5107076529252894	-1.4044392657142608	1.508496674030527	-1.341116334517761
sub-0093	ses-04	pain	-0.13424653037637835	1.0201527872171772	-0.6571445849659243	0.5648153748228002	-1.740858159911122	0.13008906867508227	-0.8830151605602353	0.6889951973407932	-0.5987837639764889	-0.4548281554699851	0.6472037008234592	1.0557770602760477	-0.8432096979903826	0.6501470273615974	0.8097125585134985	-0.17550576732003184	-0.6557740889082552	0.49617267886790006	0.06179311081416082	-0.5998351582897992
