sub	ses	runtype	tr_0	tr_1	tr_2	tr_3	tr_4	tr_5	tr_6	tr_7	tr_8	tr_9	tr_10	tr_11	tr_12	tr_13	tr_14	tr_15	tr_16	tr_17	tr_18	tr_19
sub-0055	ses-01	pain	0.01462486018686958	-0.508834120769577	0.9905395528298022	-0.6126439198607012	0.4073801147182004	-0.3237931867669371	0.17660108035884184	-0.11451343126849765	0.15729576861692637	0.5165545209221968	0.2843877537452067	-0.917747651090442	0.25176791488231764	0.2996041219964653	-0.05604826790068224	-0.6805661713229644	0.7958660169559725	-0.31307382884117746	0.22255925728531908	-0.0028880336586715773
sub-0055	ses-03	pain	-0.05521524147718174	-0.45864695474521117	-0.10245511316042767	-0.06145932029635259	0.46298009642140947	-0.11482401757973493	0.5393113123739786	-0.9675823938831585	0.9164366961464749	-1.1373364712030654	1.167216709995134	-0.42157721291174716	-0.42836766942829885	0.5338274194971726	-0.22763907582801546	0.5787172645141312	-0.25569463843132784	0.18822593623546793	-0.07246145764091928	0.08217889016368261
sub-0055	ses-04	pain	0.12201300983553544	0.1273952787748789	-0.6843127867853216	0.950209283665631	-0.5171191900576865	0.8187509821770638	-0.42561228173551047	0.2956890455044918	0.19332130891197138	0.14761206953462186	-0.23501891379524395	0.5897802535200355	-0.4125475988330371	0.12672167536018306	0.3758724785050982	-0.5352386432103502	0.6233579832405342	-0.38492086653627106	0.05647598711442163	0.24320829843588282
