event01_cue_onset	event02_expect_displayonset	event03_stimulus_displayonset	event04_actual_displayonset	param_cue_type	param_stimulus_type	event02_expect_RT	event02_expect_angle	event04_actual_RT	event04_actual_angle	cue_con	stim_lin	stim_quad
10.984150171279907	14.318740129470825	32.49228000640869	45.28044009208679	low_cue	med_stim	2.80914068222046	17.4909973122426	2.83493828773499	11.4005902773395	-1	0	-2
51.48277997970581	53.68361020088196	62.386900186538696	75.19174003601074	low_cue	high_stim	2.75130248069763	21.2864051136591	0.0204067230224609		-1	1	1
82.9780101776123	85.79574012756348	92.48160004615784	100.38458013534546	high_cue	low_stim	0.0170681476593018		1.61799740791321	5.75633826112338	1	-1	1
117.17425012588501	119.29172015190125	132.78014016151428	145.584969997406	high_cue	med_stim	2.5199019908905	53.4572362027714	1.53405094146729	14.7083038996827	1	0	-2
150.4868199825287	152.68764996528625	170.89452004432678	179.5978000164032	high_cue	high_stim	2.02420520782471	46.4688007143858	1.80083513259888	6.54629078329404	1	1	1
185.08320999145508	187.08396005630493	195.58717012405396	204.29045009613037	low_cue	high_stim	1.53414058685303	5.34139467431178	1.23829102516174	0.0	-1	1	1
213.1771399974823	216.4783799648285	224.98159003257751	238.08652997016907	low_cue	low_stim	2.20097994804382	4.16803297674749	1.5256073474884	2.98863245522946	-1	-1	1
244.28887009620667	247.2900002002716	253.97585010528564	262.9792501926422	high_cue	high_stim	1.83888816833496	51.0175030328457	1.26733183860779	5.47412820060921	1	1	1
270.3820400238037	272.38279008865356	281.6863000392914	298.57599997520447	high_cue	low_stim	1.8841655254364	64.3589941756947	1.63636422157288	5.08983650928787	1	-1	1
304.07808017730713	306.2789101600647	313.58166003227234	329.7877700328827	low_cue	med_stim	1.51740312576294	1.39152665254782	1.71744060516357	4.84011248884704	-1	0	-2
338.0742201805115	340.29172015190125	352.1795401573181	363.8839499950409	low_cue	low_stim	3.10422492027283	7.86907555179051	3.23471450805664	5.98495231511541	-1	-1	1
376.0885500907898	378.88960003852844	387.37613010406494	394.97900009155273	high_cue	med_stim			1.2507152557373	3.72131326474976	1	0	-2
