sub	ses	runtype	tr_0	tr_1	tr_2	tr_3	tr_4	tr_5	tr_6	tr_7	tr_8	tr_9	tr_10	tr_11	tr_12	tr_13	tr_14	tr_15	tr_16	tr_17	tr_18	tr_19
sub-0116	ses-01	pain	-0.08393331779715148	0.33014292339076173	0.2719447153607026	-0.29868855836454716	0.31490645688641294	-0.475931379374455	-0.07449421605835914	0.16364124253462822	-0.06112314609102375	0.4043352233137107	-0.016940579219822147	-0.1423629295172478	0.10395000163880956	0.18550325678925123	-0.6582800520952282	1.035242531536962	-0.734192416196155	-0.5524012785623958	-0.015448583121838628	0.33989884217575467
sub-0116	ses-03	pain	0.3977908198219498	-0.38141366756175776	0.45776716345339913	-0.7575980711810523	0.506284664179962	-0.21808497258865953	0.2118988671605488	0.4085694261348989	-0.4982296956910106	-0.3650396562215934	0.6003446875206179	-0.1105938929567073	0.17715989280554745	-0.6783146947105103	0.10840422371114437	0.25599367004798584	0.39436069265624074	-0.5578608359032328	0.6891301991363138	-0.38185432802052705
sub-0116	ses-04	pain	0.6331715181916958	-0.4527606276827209	0.8530830053717515	0.025529966782922364	-0.3649139086745735	-0.6112009250578827	0.21264897885291414	0.20323401900726207	0.26095293154524085	0.7957727200218794	-0.11606657887726478	0.5544579695538799	0.3420889035579097	0.04679175583055575	0.4800744394890388	-0.0625370967142735	-0.524083259111999	-0.2729036502685778	-0.7870949371396916	1.883933717596812
