sub	ses	runtype	tr_0	tr_1	tr_2	tr_3	tr_4	tr_5	tr_6	tr_7	tr_8	tr_9	tr_10	tr_11	tr_12	tr_13	tr_14	tr_15	tr_16	tr_17	tr_18	tr_19
sub-0074	ses-01	pain	0.11732607543735708	0.43706012716889114	-0.5231689251326779	0.45034591929305307	-0.6201046168994303	1.4909717966714637	-0.4240554806167278	1.6898244148517005	-0.9922234728679153	1.1909898091289737	-0.35943992034420214	0.953702738418115	-0.38044933120600277	0.6286814687283221	-0.4189985123825316	1.2214735990715788	-0.5101909494922121	0.41708328446558685	-0.12972255088553855	0.4969828434622975
sub-0074	ses-03	pain	0.004834528819719295	-0.021982238228799866	-1.4343746894702114	0.656025886671182	1.170336040349843	0.37980613258700113	0.9670598009596534	-1.7423211964087548	1.329298205186039	1.1143472281314817	-0.7342051166462346	0.9213911897822992	-0.05410990830942575	0.35310219047278074	-0.20288397358470597	1.12925922048314	-0.6787964844729281	-0.44774938847486107	-0.8646758443644972	1.112720487832665
sub-0074	ses-04	pain	-0.04154945332364224	0.12227003896159641	-0.15561955123847415	-0.2322184432487455	0.9944529903814464	0.043920669412703596	-0.4566009787608334	0.5588391132859079	0.9897392345404402	-1.5714326350324643	0.8935702742500593	-0.6446438233974591	0.08213682964116631	0.31356516203130147	0.7065493178278179	-0.6962153985754279	-0.22795592195137188	-0.5432194669989907	1.6380358145981533	-1.2537672617232096
