sub	ses	runtype	tr_0	tr_1	tr_2	tr_3	tr_4	tr_5	tr_6	tr_7	tr_8	tr_9	tr_10	tr_11	tr_12	tr_13	tr_14	tr_15	tr_16	tr_17	tr_18	tr_19
sub-0074	ses-01	pain	-0.17707708536301336	0.3917119474250377	-0.8202872090402221	0.5703529379092066	-0.46293714024071236	0.7030759734290303	0.31582150170721457	-0.20823269038215603	0.059671112829043464	0.08235963137438816	1.0051219216469545	-0.9711453387955183	0.5994769545834784	-0.6705157126030508	0.4897699949522456	-0.710629027875589	0.9940685999152882	-0.6272309524099502	0.19768176190757963	0.21487054700766356
sub-0074	ses-03	pain	-0.39526962183335906	0.05438739373558737	0.009151730102595335	0.08870527362947102	0.4272906922028262	0.5459251548037204	-0.032821076753705776	-0.3529750976270053	0.09089635104849283	0.12691474273427233	-0.294967337043148	-0.15275982879636893	0.45339415639585734	-0.1529255960453198	0.7268659911675933	-0.24549972684290153	0.8547670447955692	-0.6115730840993151	0.5412886339953408	-0.7365917969450755
sub-0074	ses-04	pain	0.011924198673008328	-0.15512803155067462	-0.1491012677488315	0.2654308999699644	-0.14892712595858965	0.977878206151613	-0.20876286743542927	-0.16250388004847344	0.5484719504702984	-0.566129376443764	0.8369440347333289	-0.6492694624889211	0.2950318806259397	-0.43051976851695106	0.6661512347866612	-1.2260835286405796	1.3334162003330552	-0.4697432679293053	0.15967400196105203	0.2907407749359662
