sub	ses	runtype	tr_0	tr_1	tr_2	tr_3	tr_4	tr_5	tr_6	tr_7	tr_8	tr_9	tr_10	tr_11	tr_12	tr_13	tr_14	tr_15	tr_16	tr_17	tr_18	tr_19
sub-0101	ses-01	pain	0.38508230010554745	-0.658124904536983	0.44464599281599526	-0.8451537124434235	0.6171104220806225	-0.16175137158768532	-0.04110386938027922	0.377097480862709	-0.35502826352464906	0.13959651634704984	0.824565099888053	-0.2979403042567178	-0.30328714893481085	-0.24051443265131933	-0.872887962909922	1.3763523335549739	-0.4359853767534511	-0.6720230147690192	0.9015745063393142	-0.15929151750665502
sub-0101	ses-03	pain	0.5885523163572579	-0.7120080875129118	0.7692449540414353	-0.48761625785795537	0.020126642158580624	0.19870806493351803	-0.568025399494754	0.502057848891651	-0.6702388037679351	1.0507851777406207	-0.2739073549562741	0.03704120134747316	-0.14412982415680006	0.8620528291957129	-0.7662121864310031	0.5929403971938119	-0.2828236749896114	0.37578714230145815	-0.07706475255492713	-0.04848983969938232
sub-0101	ses-04	pain	-0.3260159592352444	-0.4414081648628292	-0.6558324785425644	1.0060235116915737	0.025969833816353982	0.1846677175897787	-0.03956998091315227	-0.0871881195527607	0.28823391478813254	-0.44987357966300645	0.7233796510208922	-1.2559737793565329	0.45814210526770033	0.5525609384845792	0.048711486620248386	0.3774412917578371	-0.2539128111194759	0.3569582875966462	0.405659663565588	-0.08299896349725944
