sub	ses	runtype	tr_0	tr_1	tr_2	tr_3	tr_4	tr_5	tr_6	tr_7	tr_8	tr_9	tr_10	tr_11	tr_12	tr_13	tr_14	tr_15	tr_16	tr_17	tr_18	tr_19
sub-0101	ses-01	pain	-0.07583799306124521	0.12116254801087818	0.4781069177670635	-0.6487812815312172	0.14842616887255167	-0.14346773709344895	0.08481853841690545	0.03525300532296414	-0.19981101978297336	0.7106747004399084	-0.3100282108894228	-0.05688860932990312	0.08568813622002454	0.013037685107916794	-0.7276869967623371	0.8069021185842787	-0.029968288975787745	-0.3910960604003141	0.6079670214676292	-0.3159729953165297
sub-0101	ses-03	pain	0.6150393713055494	-0.8300635831541167	0.46674348991245584	-0.2569427956857185	0.5178974084158342	-0.3510761921372068	0.31970147930919723	0.07988022031650728	-0.43255091880962837	1.1687010163973628	-1.1155175857743904	0.7068623713842049	-0.7116810809452102	0.8001042973828668	-0.683556775006435	0.9923271342411253	-1.0198954784738543	1.1303445016727995	-0.26433702543044296	-0.07800291117287972
sub-0101	ses-04	pain	-0.18881626098974233	-0.30027969024539725	-1.1421904312753222	1.4123997817216338	-0.5590347472058617	0.41871335654261227	-0.29600601336355004	0.2117179134308269	0.17697115705575717	-0.13760543543352485	-0.43871664368241686	0.610164846286096	-0.7157058790812849	0.30914598282856776	0.1279789745466039	-0.13475270489445348	0.6119199092009672	-0.6364830022419458	0.7550417360721264	-0.21291493322780727
