sub	ses	runtype	tr_0	tr_1	tr_2	tr_3	tr_4	tr_5	tr_6	tr_7	tr_8	tr_9	tr_10	tr_11	tr_12	tr_13	tr_14	tr_15	tr_16	tr_17	tr_18	tr_19
sub-0101	ses-01	pain	0.1152012244300827	0.5789547339472638	-1.218712151317721	1.5897390673108602	-1.1694429265700292	0.6849838500665694	-0.1838517006767798	0.017920862976819527	0.04825638995742028	0.7039011152534598	-0.659961830586163	0.5644045607662767	-0.7655168097734218	0.07945630962848092	0.9963838693666832	-0.40088245309846166	0.23866850490250707	0.12100941177145104	-0.4468985130414061	0.521441977959539
sub-0101	ses-03	pain	0.14229211599516095	-0.6218483457016187	0.365261279296463	-0.37927549239989367	0.32229346717844193	0.9589548552587511	-0.489508814501885	-0.1881253419153014	0.417667960737856	0.12251126501903682	-0.4547322813903584	0.3597478264340514	-0.48448801538450414	0.17553772357236055	-0.1913675683040988	0.3209993702751584	0.2692293598926028	-0.5826758323056673	0.46021146113343775	-0.003576243610044684
sub-0101	ses-04	pain	0.37910779359501867	-0.9992549019125145	0.39881047810973974	0.25299581614086875	-0.3540157311298664	0.3095746963923846	-0.6417828125011383	0.8823664647925581	-0.03158979133548784	-0.2943047658003635	-0.3179530184694834	0.35929085587729126	-0.6861825106190182	0.2536436039937505	-0.43254904575762376	1.1523591531752975	0.4716470431955078	-0.7547461039659126	0.11984349512278084	0.26736321922074313
