sub	ses	runtype	tr_0	tr_1	tr_2	tr_3	tr_4	tr_5	tr_6	tr_7	tr_8	tr_9	tr_10	tr_11	tr_12	tr_13	tr_14	tr_15	tr_16	tr_17	tr_18	tr_19
sub-0073	ses-01	pain	-0.5865568204422716	1.334342432973859	-1.1876362492493147	1.2161701796718751	-0.5385972971347115	-0.06169866038372679	0.2567363007501941	-0.8554360976559157	1.263696752134868	-1.3640694942903726	0.5310884860834906	0.3837961230970075	-0.3062079507558322	0.3245200336036347	-0.08460637855568837	0.08647764709866378	-0.06958271924096737	-0.15061367471999407	0.20093872658356518	-0.18220233689302562
sub-0073	ses-03	pain	-0.39014934416668173	0.10544479253941948	0.4830578977889916	-0.23228822183511869	0.0972434478333153	0.021277548357695724	0.08322372423268287	0.14139868819902016	-0.19951319620169547	-0.0222663377816952	0.15318567884952328	-0.5970493139424707	0.3460662929853222	0.5006722141225651	-0.3784858286261947	0.1624281679596829	0.05482921854448411	0.00411921932619126	-0.33507008806172606	0.03584668145602522
sub-0073	ses-04	pain	0.27189455955727937	0.254544121349465	0.2923663575208591	-1.3146105223538642	1.4604866941945152	-0.7963941185659136	1.08239603561243	-0.9570235840012433	0.4094269229581251	-0.06868354558314632	0.08485064744769596	0.21319402830551676	-0.4339523987979076	0.13016289207781628	-0.8194850018421416	1.5004309876132835	-1.295440056455026	0.7305095955874039	-0.4821163553328759	0.08937950873754884
