sub	ses	runtype	tr_0	tr_1	tr_2	tr_3	tr_4	tr_5	tr_6	tr_7	tr_8	tr_9	tr_10	tr_11	tr_12	tr_13	tr_14	tr_15	tr_16	tr_17	tr_18	tr_19
sub-0089	ses-01	pain	0.10240265491434203	-0.059256363232806857	-0.163499653426172	0.21164258939692238	-0.35509621682571924	0.10051649530436373	-0.08650829836810087	0.5873055231062387	-0.2839641915084473	0.028949083575230187	-0.1432739844668234	0.0333758697304505	0.17535187213609157	0.10715034599362516	-0.27630360291542777	0.34758991830548097	-0.3984646356165759	0.08041579148400456	0.2932718349980579	0.07436668626738788
sub-0089	ses-03	pain	0.08135976289972821	-0.3616194494438644	-0.1534156425731324	-0.043395284029057665	0.9090252335741741	-0.0835618503009225	-0.8077924240202167	0.6447604697537377	-0.33921133069763065	0.18780915030608666	0.19987058108768163	-0.06629845041735948	0.3602863651246976	-0.39294315320868006	-0.05245389300956812	0.5390635448832095	0.29226512963296547	-0.9642762198820787	0.49394916454694276	-0.10206758335261992
sub-0089	ses-04	pain	0.17245531115785864	-0.36858840215985533	0.184872303791337	0.11180356720675903	-0.43777357272444073	0.394553548586526	-0.4904531853736032	0.38641815867539475	0.13581654340456398	-0.18038811091257675	0.25391020427671146	-0.3808869842650944	0.4691309405774471	-0.18270691350236257	-0.17377423478393736	0.15209311716359034	-0.049682432134666867	0.1725714773479078	-0.0395428609069222	0.32763937194196524
