sub	ses	runtype	tr_0	tr_1	tr_2	tr_3	tr_4	tr_5	tr_6	tr_7	tr_8	tr_9	tr_10	tr_11	tr_12	tr_13	tr_14	tr_15	tr_16	tr_17	tr_18	tr_19
sub-0089	ses-01	pain	-0.43230883874450093	0.9994431625823709	-0.5019872618454138	0.32369511239009396	-0.10637611660295948	-0.008641127919831473	0.164068212350602	-0.040050544659767484	-0.3509625789814544	0.21185012083946805	0.4778042898278387	-0.5797686043785987	0.5787799298483933	-0.1799276328315988	0.3273191140940049	-0.10806874116001391	-0.10880748629952931	-0.07561628476249065	0.1021952125940971	-0.06344133418179466
sub-0089	ses-03	pain	0.3441166993905216	-0.3937266721538734	0.5739016503206839	-1.0329560025062199	1.2640475438974903	-2.224841800130661	2.6552584557928776	-2.7272879732546245	3.1335675105617224	-2.749289541673277	2.0518867633666873	-1.8294333563944323	2.214413516184527	-1.977033090063849	1.4300874810535396	-1.4634671797095944	0.4823902295022913	0.2983398824113182	-0.5070991923023744	0.4163485166237364
sub-0089	ses-04	pain	-0.14376743494291455	0.09974201033329566	0.14013612025140149	-0.4011259079990552	-0.18261997006390607	0.15349808192634143	0.1874957788381658	0.15424418795075492	-0.41874293968378357	0.7727297021277524	-0.3047676883513351	-0.3129842022229062	0.6756569925734054	-0.652835501445742	0.11763397898305537	-0.33741189937001625	0.2545934516280063	0.5254177659361119	-0.3053050497452059	0.01664177921908559
