sub	ses	runtype	tr_0	tr_1	tr_2	tr_3	tr_4	tr_5	tr_6	tr_7	tr_8	tr_9	tr_10	tr_11	tr_12	tr_13	tr_14	tr_15	tr_16	tr_17	tr_18	tr_19
sub-0031	ses-01	pain	-0.19758904651144418	0.141534482593886	0.12292337172452741	0.16597351681901285	-0.15288393997075386	0.0006585304850278299	-0.4894871784237586	0.3088732141007311	0.048890974515088836	0.13786938705297272	0.2958251939199239	-0.09600445842828491	-0.08448296198082933	0.495710525594087	-0.206191141013287	0.09022908195468389	-0.32884225343836815	0.3443006540396438	0.245531940348698	-0.2843044216751162
sub-0031	ses-03	pain	-0.11615409598552395	0.03414646581012409	-0.02780710388125371	0.47589351873758245	-0.6133383845671121	0.35084545241056575	-0.12147603983340984	-0.55130888595031	0.654169547960382	-0.6014202936712152	0.32551067676634554	0.42001127818166095	-0.7666954242648382	0.2977404158562142	0.12016372191025272	0.02844748333920852	-0.40345022475299913	0.5369552211563059	-0.964247009524757	0.8576907411107654
sub-0031	ses-04	pain	0.3229793828542768	-0.5873658042381178	0.7346767889172932	-0.7679437231311768	0.7260905568741186	-0.4145367964659097	0.07441094267199568	0.2657629076378224	-0.39191947082329637	0.09527789637223875	0.17803889890643337	0.1627001514702387	-0.1700724939296067	0.15403239334585345	0.27267021813930686	-0.22700001363015035	0.10305805539361199	0.4189933824963116	-0.4959959219137014	0.2809456021015603
