sub	ses	runtype	tr_0	tr_1	tr_2	tr_3	tr_4	tr_5	tr_6	tr_7	tr_8	tr_9	tr_10	tr_11	tr_12	tr_13	tr_14	tr_15	tr_16	tr_17	tr_18	tr_19
sub-0031	ses-01	pain	0.04373103864913072	-0.0916523840692781	-0.029386069495137605	0.20163267085845302	0.015427064628915545	0.2614791708926227	-0.4817938850673045	0.2561941915639948	-0.4719927037875401	0.47533382949309727	-0.3913294480987035	0.5497459780939861	-0.15557962161233518	-0.04402643915424875	0.3040059814578519	-0.06927420511313714	0.2984748801550784	-0.1176066461257243	0.0501482258499493	-0.135576589828723
sub-0031	ses-03	pain	0.4826690547563696	-0.8145511999384741	0.6835299900828055	-0.06519086721281867	-0.438841618754506	-0.8855831918282511	2.666042654929893	-2.170994161875723	0.7653714906505018	-1.0482667216489547	0.8467590619808932	0.6414496383250459	-1.5980309387340403	1.2651593724632464	-0.8187802384484677	0.6764631651258723	-0.807117096806031	1.6734330053524964	-1.375831949001849	0.5671143944669507
sub-0031	ses-04	pain	0.1791599826389085	-0.2976863950763771	-0.6007883877196251	0.9350320708032445	-0.2420257554071766	0.11568651192892654	-0.16468630829190237	-0.010879867637041067	0.35035662190142325	-1.0180222099900433	1.212929630399444	-0.23664664407622152	-0.3449860125011519	0.6451905866770934	-0.3860853182111375	0.997995061186166	-0.6360599182159098	-0.09799378091822965	0.07473427564521617	0.3296752256902483
