sub	ses	runtype	tr_0	tr_1	tr_2	tr_3	tr_4	tr_5	tr_6	tr_7	tr_8	tr_9	tr_10	tr_11	tr_12	tr_13	tr_14	tr_15	tr_16	tr_17	tr_18	tr_19
sub-0031	ses-01	pain	0.036314371589931	-0.3715184558468223	0.937455287460265	-0.34315992892222774	-0.18471961805310194	-0.2885229796601794	0.4448599867124982	-0.3292001208038136	0.4736334575025638	0.00021595444250741987	0.2891771412641545	-0.4565716008110978	-0.1657855371038413	0.9027593234693695	-0.20053407818079483	-0.5027295318869902	0.22918730185982258	-0.04879652026813545	0.6738764774906224	-0.26539112440917023
sub-0031	ses-03	pain	-0.14576711319067265	-0.08647857633812507	0.33909059460595825	0.058372906015634024	-0.9888755394370058	1.2234477456606354	-0.3531464484166492	-0.3418903859585792	0.43622819741452123	-0.6696118478148042	0.7248454955695017	0.162671732948063	-0.5166045491485188	0.3592719351753221	-0.3192870556999543	-0.2674701868275074	0.2993684553405931	0.1463476554480571	-0.5783868067154253	0.5741264621397071
sub-0031	ses-04	pain	0.23917321739310116	-0.4901566157160571	0.5399032244793279	-0.33743425928547066	0.641421314434328	-0.7517846487002466	0.4184863097473703	-0.5436187092105782	0.8478477620294343	-0.453300349986718	-0.12563555832442203	0.7136364842959397	0.009321838503996014	-0.304534024874859	0.3068556740566543	-0.4992388786495135	0.18195610531565048	0.8830317661502342	-0.9340373804654151	0.5059069840399192
