sub	ses	runtype	tr_0	tr_1	tr_2	tr_3	tr_4	tr_5	tr_6	tr_7	tr_8	tr_9	tr_10	tr_11	tr_12	tr_13	tr_14	tr_15	tr_16	tr_17	tr_18	tr_19
sub-0013	ses-01	pain	-0.3148569961953001	-0.4495410105777739	0.7170612081933186	0.5872530091371148	-0.8415724190807293	0.17726997433040154	0.6360063036345104	-0.36738748622452366	1.181527835987665	-1.1610263718483453	2.3845257919699603	-1.1847311940334095	0.7755022333612347	0.8138682148724243	0.08010647461981787	-0.39282584865387954	0.824787112443257	0.19143579081793188	0.5470937833350172	0.4999534724850129
sub-0013	ses-03	pain	0.3512385308225378	0.2096641928382636	-0.31445897107502957	-0.37806463171403976	-0.38293058225278787	0.7396023125484742	-0.13829740256293516	0.4660238497102591	-0.0836756640595918	0.33317746474919596	-0.46894788362637346	1.3459281238177174	1.3566591143128541	0.6439005731396298	0.4625757689977139	0.5743171552307311	1.1380875015675658	-0.405397785944402	0.583083103627851	-0.12411055204205904
sub-0013	ses-04	pain	0.6257198744524328	-0.8949697201504946	-0.13593232510541084	0.6384098420586036	-0.010464104102380883	-0.16671069925941784	0.003937754883644167	-0.20725887988270109	-0.010617514995071202	0.06848074204537566	-0.13205299142005492	0.8033939706073773	0.2388332486287061	0.03215083348537887	0.7630279300491707	-0.6657084464766906	0.4147630602806041	-0.17626549975669456	-0.6225862020538986	-0.7615964501139105
