sub	ses	runtype	tr_0	tr_1	tr_2	tr_3	tr_4	tr_5	tr_6	tr_7	tr_8	tr_9	tr_10	tr_11	tr_12	tr_13	tr_14	tr_15	tr_16	tr_17	tr_18	tr_19
sub-0013	ses-01	pain	0.4774819161286349	-1.1277025101412639	0.7877039126605829	0.8165567454670083	-0.6549572382605605	0.1678806648960657	-0.06793691426829539	-0.020175625130978793	1.5239756411682928	-0.7722174156295771	0.5431160461103689	-0.49779858036417046	0.48044320044682964	0.3398846394015349	-0.8143693677790675	0.7048609029917615	-0.2658195519845849	0.05953932685039301	0.527611680692312	0.9029013715155911
sub-0013	ses-03	pain	0.14374462674754426	-0.388771223268113	0.37437301399569706	-0.5080129173877269	-0.47178414237653354	0.791430843487409	-0.9409498714754643	0.8070945499971627	0.05271509964006323	-0.030202878741162474	0.08287193555745441	0.40957700439897066	0.21039779013834134	0.735987546590259	-0.7131835898813056	0.41446470370465854	0.6593925105371399	-0.5504654998211029	0.6091488011563967	-0.44660225640558743
sub-0013	ses-04	pain	0.02927845339721911	-0.23694223473064208	0.3317341841813491	-0.376547036864274	0.21471715522898463	-0.2540465545850127	0.12484382176380945	-0.33960882221185446	0.2691562118732958	-0.19371912802016056	0.2862660754558077	-0.09920779807928547	0.8873260619612883	-0.4448046492422068	-0.018518502261886886	0.40216046243006126	-0.7154276581086737	0.5867588270660948	-0.891542599656475	-0.10454608158011404
