sub	ses	runtype	tr_0	tr_1	tr_2	tr_3	tr_4	tr_5	tr_6	tr_7	tr_8	tr_9	tr_10	tr_11	tr_12	tr_13	tr_14	tr_15	tr_16	tr_17	tr_18	tr_19
sub-0129	ses-01	pain	0.9808849217976113	-0.048875060607181144	0.14340169439519695	0.02217023003020577	-0.5722826051085058	0.031759220199210805	0.8684236860650876	-0.11209885060561672	-0.14212378471114773	0.47716576003924055	-0.4864716932280956	0.57373203994895	0.6076152255844219	-0.26700457062336763	-0.07395320866113447	-0.7228699874658143	0.28008597502162236	0.40323373441118826	0.09816481472008926	0.18696483757940746
sub-0129	ses-03	pain	0.25318036753415857	0.18395974061282516	-0.24658788064019418	0.09825906773071524	-0.007595393128245569	0.2161044982418452	-0.05927062881347307	-0.06471142286321506	0.025452443627676246	0.6006513799067591	0.05215730835246064	0.05559081670737963	0.9093219989608873	-0.5276724869748424	-0.3662856862517168	0.48681922749912365	0.15318550685433346	-0.2659765949501765	0.49051636727267856	0.19740112363894174
sub-0129	ses-04	pain	0.8896051387604387	-0.15029673076623012	-0.4157712906095562	-0.023382983048774498	0.6518346185462572	-0.9708334638663836	1.55069632483465	-1.0439635933364442	1.084144970389993	-1.0939697278210296	1.912266974382201	-0.9268067942727652	1.0296936190695625	-0.963967208332465	0.6577525514880538	0.4923367647311357	-0.7065292591404819	0.36369011586158245	-0.5117808448819707	1.6355633779469343
