sub	ses	runtype	tr_0	tr_1	tr_2	tr_3	tr_4	tr_5	tr_6	tr_7	tr_8	tr_9	tr_10	tr_11	tr_12	tr_13	tr_14	tr_15	tr_16	tr_17	tr_18	tr_19
sub-0060	ses-01	pain	-0.9202703613542648	1.0194049879098	-0.9410705274458308	0.9134308220433065	-0.5514334589494363	-0.593644616339446	0.46228920986036903	0.16170926597003157	-0.19137020518048625	-0.14118051486051636	-0.018707579504876816	0.28658466608711364	-0.18194954363644913	0.20753510675724968	0.5556905250635623	-0.5437816785935451	-0.11554064803150749	0.3268859962959386	0.1737741648252969	-0.2581981370427026
sub-0060	ses-03	pain	0.5144348098848901	-0.022170414830860942	0.6168763199094817	-0.7824505831695506	0.45975834811514094	-0.8065720807611408	0.3727353760554633	0.17593838581214613	-0.052462461704376524	0.02169948548725436	0.8236413402820334	-0.1618336523089247	0.3936276525078501	0.21407271182839135	-0.5688658691793429	0.8240451728891294	-0.8649155233909094	0.7815906597550117	-0.20265692372719363	0.5134102209831196
sub-0060	ses-04	pain	-0.6790384858997941	0.5687046361500491	0.33933333934690146	-0.502633426816372	0.42310983585557727	-0.32346023648979066	0.08749176501177573	-0.4964783470099435	0.6376758089741587	-0.1019079852920458	0.06320019873488629	0.38583763999900156	-0.7320452761465773	1.3566902504066447	-0.779207432422646	0.8011369203325992	0.11043854027856541	-0.6297171991175795	0.15310521515431277	0.26307406628449187
