sub	ses	runtype	tr_0	tr_1	tr_2	tr_3	tr_4	tr_5	tr_6	tr_7	tr_8	tr_9	tr_10	tr_11	tr_12	tr_13	tr_14	tr_15	tr_16	tr_17	tr_18	tr_19
sub-0060	ses-01	pain	-0.8279467655316783	0.5855011219736884	-0.28208761524185916	0.5820886377653587	-0.16517234349841298	0.18483446853525445	-0.7591670189433546	1.1092682683035702	-1.2875696762967095	0.6127812463255398	-0.009455734064415933	-0.4465048647326409	0.40152094945057365	-0.05376629727916072	0.2221075562612862	0.1813281156182243	-0.04663984660621128	-0.3247341103635971	0.18466566596598824	-0.20633258026673743
sub-0060	ses-03	pain	-0.16179094050077228	0.04422139821580174	0.21092746348254995	-0.47770613235764786	0.3854727481412744	0.648882309214422	-0.34834899458950447	-0.06870346425640256	-0.6064054661824858	0.2052531306564141	0.1156354252057364	0.4573031187365897	-0.40233055204126045	0.11792910000749823	0.7712137519378977	-0.07121923354634428	0.49405186961756803	-0.4075303578908467	-0.028774912381309074	-0.47975504625437254
sub-0060	ses-04	pain	0.2161558856380356	0.0024898994284496046	0.2775556377572792	-0.18135905754380674	-0.45643165926276097	0.19065237618895184	-0.2806725078338237	0.7212207125822927	-0.4487260727844831	0.883397577822754	-0.6071455848830656	0.4022716836234058	0.3136078808870095	0.2715415187288844	-1.156834877878638	1.3074215115697714	-1.0307808122460598	0.43085424682828477	0.4686356961002933	0.06564161652886107
