sub	ses	runtype	tr_0	tr_1	tr_2	tr_3	tr_4	tr_5	tr_6	tr_7	tr_8	tr_9	tr_10	tr_11	tr_12	tr_13	tr_14	tr_15	tr_16	tr_17	tr_18	tr_19
sub-0062	ses-01	pain	-0.2657461676324311	-0.24475108910842774	0.5396193045433354	-0.4599788859547245	0.1911875262253855	0.3385140753351731	-0.557864864279526	0.4466417847141427	-0.09960183425074774	-0.3507008872172233	0.15821298289284408	0.3266345294696524	-0.307801338029169	0.4892722446322345	-0.7216466483117122	0.3450771344293488	0.1160959472957667	-0.10370872722183795	0.5865147394330569	-0.4901312305202607
sub-0062	ses-03	pain	0.8157013391904484	-0.9681564063906076	1.2393151396859663	-0.7223559412291294	0.7585417916571626	-0.5898580087752775	0.30403869532780786	0.3913323029925391	-0.46590465383343294	-0.6581808775636199	1.1850183369679965	-0.7087839665078619	0.1032071446098009	0.6688259097366865	-0.44397041138122484	0.30925233050089207	-0.038023878202099765	0.0005386862519010893	-0.03904881195788808	-0.4686826917181485
sub-0062	ses-04	pain	0.5150940980441859	-1.2209589595514043	0.8271550051695636	-0.5667566797925934	0.38923977942414206	0.149646144764519	-0.29610199165469475	0.07539120615932575	0.19222220216403518	-0.25716816802135667	0.06978263786075542	0.15109324833376778	-0.5134643648905881	0.027698501102156027	0.3851400745410547	0.3623415478638192	0.013562522163206709	-0.3144014499035378	0.03465071326328175	-0.18172047343416514
