sub	ses	runtype	tr_0	tr_1	tr_2	tr_3	tr_4	tr_5	tr_6	tr_7	tr_8	tr_9	tr_10	tr_11	tr_12	tr_13	tr_14	tr_15	tr_16	tr_17	tr_18	tr_19
sub-0062	ses-01	pain	-0.412385601860459	0.37962705079803294	0.20233866587595348	-0.939957832828909	0.8917750249054689	0.2683668076385956	-0.313381834285723	0.42237036615854684	-0.04683498221983949	-0.03131505688324531	-0.15467769594109115	0.8991941519780786	-0.27645595723020255	0.37157298948381307	-0.8936992962881322	1.0893853992830143	-0.09103580756185088	0.292508433895596	-0.034304564821564874	-0.6591433919120251
sub-0062	ses-03	pain	0.19359440828414798	-0.08917339314905538	1.1354581449013834	-0.477061710855694	1.2159266182979231	-0.6834336648238815	-0.4832132773077229	1.1153808611985383	-0.9974637825232577	-0.5835596379012737	0.7372471554290972	-0.25616172239096024	0.18827117405873686	0.6660068441049176	-0.5419514395675664	1.0453650899629534	-0.5923022594552881	-0.7265855968078607	1.2991272860395433	-2.13972818503914
sub-0062	ses-04	pain	0.19432958097947742	-0.5308471257229537	-0.30260371181963214	0.35029032232327045	0.17293044550511386	0.04708309472004523	-0.3585659944465318	-0.0743103325931151	0.036007774768416115	0.11160001737400604	-0.21223645947214645	0.13429144669744336	0.23174286455589635	-0.45778768075070486	0.661123114309067	-0.09436949690198405	0.22469637164114648	-0.7066275708790642	0.022791786886337994	0.14458623279774
