sub	ses	runtype	tr_0	tr_1	tr_2	tr_3	tr_4	tr_5	tr_6	tr_7	tr_8	tr_9	tr_10	tr_11	tr_12	tr_13	tr_14	tr_15	tr_16	tr_17	tr_18	tr_19
sub-0038	ses-01	pain	0.8238589336555039	-0.43811031853646704	0.07197529682460628	0.2994243071600889	-0.42731270460468046	-0.20390167979705093	0.35477585259668043	-0.39654491995406393	0.2648644530429276	0.008022847040087922	-0.34039010626140415	1.052682095190812	-0.5643735553556373	-0.6808341756979193	0.9878146699692165	-0.33009165875840374	-0.10681010909468673	0.6868686932232408	-0.04671244722042702	1.0377995161227827
sub-0038	ses-03	pain	-0.7503899157655148	0.6333444277589193	-0.3987847862981056	1.2186370309507335	-1.0512707424980907	1.2291534716646555	-0.5162736668656378	0.781941639216846	-0.7444850510878384	0.788428928694362	-1.9571833732303774	1.9659089057536137	-0.9153444085297988	0.16582562214839397	0.7757664886097213	-0.1571019588560832	0.26336372637865374	-0.34445460765587765	0.39128265856676986	-1.0324955693616653
sub-0038	ses-04	pain	0.9959654448191662	-0.4703380314216736	1.3452100055509828	-1.2613683330303807	1.4890133758739632	-2.2879356875570473	2.646519982590157	-1.0880156825866891	2.1063926158543866	-2.09787942422829	2.1122204095233177	-0.8445291892580397	3.262077618007755	-0.40529419770581226	0.8134101645686568	0.3004265646858652	-0.38766346998354867	1.032230119566648	1.1500599130759057	-2.5165125508532618
