sub	ses	runtype	tr_0	tr_1	tr_2	tr_3	tr_4	tr_5	tr_6	tr_7	tr_8	tr_9	tr_10	tr_11	tr_12	tr_13	tr_14	tr_15	tr_16	tr_17	tr_18	tr_19
sub-0037	ses-01	pain	-0.349638773647664	0.4809984538905364	-0.42029713742134367	0.5120546693460175	0.11545813232653349	0.13112097774276524	0.6346559716240506	-0.4956555729720595	0.3290595521245906	0.21398995208445826	0.11188925614332725	-0.21101408261277543	-0.061917596932635995	0.1599682022778318	0.09507492774706959	-0.5709627388254256	1.0999286339930825	-0.3610404612743587	-0.27564358929905314	-0.2308876161103125
sub-0037	ses-03	pain	-0.5977183355908603	-0.03511998978769449	0.580518850992503	0.23773644555007567	-0.589620060114615	0.5952024843661623	-0.3556082585143225	0.046922650223606574	-0.1325077795681571	0.25724882602062504	-0.24280760893424042	-0.14949743980058372	-0.0299462336127081	0.11362831488755915	0.5087682413650323	-0.5866584449556435	0.5988412328818267	-0.3702346629217422	0.13318556222546096	-0.4670401611682771
sub-0037	ses-04	pain	-0.4025729213238239	0.04488773612283548	0.2172022272243947	-0.4219942705510525	0.9164573628413296	-0.005996433542888344	-0.3419969237995958	0.41043433574415017	-0.37242175155595364	-0.28184660939959116	0.9916635875809634	-1.2500548910995892	1.2796279734499647	0.015137311226406132	0.07470349544643497	0.15503645198767013	0.3622292035048734	-0.9565279585803843	0.5660965485459131	-0.5051089823136343
