sub	ses	runtype	tr_0	tr_1	tr_2	tr_3	tr_4	tr_5	tr_6	tr_7	tr_8	tr_9	tr_10	tr_11	tr_12	tr_13	tr_14	tr_15	tr_16	tr_17	tr_18	tr_19
sub-0043	ses-01	pain	-0.5276904203232627	0.19357767583381352	0.44022675763064584	1.0372346739454466	-1.7564529529852615	0.8393379388023909	-0.5366995653091753	0.5221675832136397	0.2619677588348421	0.974584325997431	-1.4454910680578958	1.3274114268062382	-1.2944874734891227	0.5381475693664612	0.5448228704428775	0.04205942349887292	1.953335162745577	-1.4439684390693757	1.4391775715303594	0.8486665372486147
sub-0043	ses-03	pain	0.36911882599854956	-0.25355858903354245	0.16685020130573097	0.023820395669273808	-0.20875746924731364	0.3478497344135818	0.0030398321220205123	-0.10208814660831851	0.003046979549873598	0.19660049267332283	0.00933489564709438	-0.5337191614541045	0.1772813004124819	0.12159582576836696	0.0648924113625329	0.41906446899872807	0.8792178514750654	-0.052930291787920934	1.013188226709576	0.26078648066357046
sub-0043	ses-04	pain	0.5883120460658213	0.5506118543639176	0.6294881923603787	-1.6473087170752736	0.45207888608965174	-0.00034783104151460555	1.36513766531679	-0.8942077151367079	0.3413987607446985	-0.44949474718234095	1.264570509672398	-0.17013915303425478	0.7064758381965892	2.0614599397424866	-2.1161863535291316	2.60498587949477	-0.014433106101392791	1.462256295301205	-1.2554170361896113	1.0220008514467296
