sub	ses	runtype	tr_0	tr_1	tr_2	tr_3	tr_4	tr_5	tr_6	tr_7	tr_8	tr_9	tr_10	tr_11	tr_12	tr_13	tr_14	tr_15	tr_16	tr_17	tr_18	tr_19
sub-0043	ses-01	pain	0.09267528870553676	0.3623820607821482	-0.19736393111263464	0.17276247017874571	-1.1606755415399626	1.0476398162765757	-0.29769093502788624	-0.1551620575051508	0.9239333176944762	-0.22405597412269082	-0.27782236164535473	0.5797814193685586	-0.3096675883083412	-0.32398165583570177	0.48652538983777394	-0.07016393403702624	1.1389829310586976	0.39062859230489644	0.37719887483812503	1.1149108458239665
sub-0043	ses-03	pain	-1.0575045043733806	1.3644184111555449	-0.4824969278428214	0.021909856492190273	-0.10445984169341527	-0.361961940642693	-0.0873900350544766	0.24502395363494547	-0.09685760775560069	0.5662129147036066	-0.3471262983017924	-0.3128459764709416	0.7541319000620634	-0.051777408681398754	-0.11764518462872786	0.5326783682590622	0.9901607407854948	0.07342229652680715	0.49628702526223145	0.41640857587315605
sub-0043	ses-04	pain	0.7929449361511856	-0.4848878149951228	-0.16451341982611095	0.24575080545858938	-0.027676418773776936	0.18257132105316026	1.1647377725423471	-1.1505168598278428	1.10496424060532	-0.8160960648051137	1.1105422166784173	-0.010499323661702515	-0.15638200500888486	0.5937306110888848	0.23093822167932784	0.7792042437499113	0.4597569250262473	0.8044099691851294	-0.7871915381148401	0.4110158790384624
