sub	ses	runtype	tr_0	tr_1	tr_2	tr_3	tr_4	tr_5	tr_6	tr_7	tr_8	tr_9	tr_10	tr_11	tr_12	tr_13	tr_14	tr_15	tr_16	tr_17	tr_18	tr_19
sub-0092	ses-01	pain	0.17321354794719301	-0.33590874227449047	0.4817736684425957	-0.4964067078377569	0.26927249480898496	0.049804574899919365	-0.24138751475606557	0.29564990954854714	-0.387599112590053	0.41137501384823166	0.030422865000433928	-0.10593599767784885	-0.06727881138871522	0.21831740826674062	-0.7063039334836035	0.8126635508802079	-0.42552840808856907	0.07283940394006895	0.08997742359836071	-0.6756616847800379
sub-0092	ses-03	pain	-0.816004093217005	0.4852610032676315	1.2827890174421461	-0.7572190314880533	-0.21126324183566517	0.8024708830997292	-0.27609912150194643	0.31248103001695426	-0.09821456533757486	-1.9961138817251134	1.998036690223333	-1.666343514914141	0.8457232110795858	0.3856329180180896	-0.6628664125114757	0.12838301296507387	0.25206449225073163	-0.43342331832382375	0.06300735027078393	-1.1102140894087322
sub-0092	ses-04	pain	-0.15680249445816236	0.31061380922014037	-0.3059354799626473	0.10488728048803907	0.1523498387534045	-0.03810379674462926	-0.02169772333656652	0.1435074699982549	0.020565345577975413	0.10719670509194859	-0.5747534604525605	0.07402648055028598	-0.6195424256937262	0.5452521756190579	-0.7696497831150931	0.7329299245665537	0.09887475393771321	-0.6306048407320057	0.07076367671543252	0.9059923968886707
