sub	ses	runtype	tr_0	tr_1	tr_2	tr_3	tr_4	tr_5	tr_6	tr_7	tr_8	tr_9	tr_10	tr_11	tr_12	tr_13	tr_14	tr_15	tr_16	tr_17	tr_18	tr_19
sub-0102	ses-01	pain	0.29487135600370873	-0.039564971348034605	-0.26218449641716335	-0.15369074459472623	-0.5543559600337433	-0.38039818193679903	-0.31058672315632124	0.09674451315426655	0.11505585733913776	-0.5853793456650611	0.3392255644926982	-0.26773212557069725	0.48427074387910335	-0.3390222962673418	0.1884228539577572	-0.064532379379658	0.08847353803822204	-0.4543233807776352	1.2475849812603612	-1.4545251941413588
sub-0102	ses-03	pain	-0.46821315074816255	0.1425822280507614	-0.5621511208454191	-0.27779783058416513	0.09651211969249057	-0.87893241130332	0.47714251263743623	0.06098352336955862	-0.5929405742237258	0.2022914497159886	0.777219283160088	-0.9131070644803632	-0.04917316242723001	0.653235150769029	-0.40073004742883955	0.645866031504987	0.010826222199173233	0.09897216718561214	0.3344472143537376	-0.7721286908444197
sub-0102	ses-04	pain	0.6799211726699997	-0.7449363117590199	-0.1460971990858622	1.1399224355364763	-3.490149339156724	2.944294604363192	-0.7066001745480662	1.6350152144072672	-2.242735305105667	1.5254668524366655	-1.5917222510069917	1.7516078233683847	-2.553755838203477	0.928802659457234	0.2323722828967778	-0.5142524824059637	0.014959009750104803	0.07941448716794211	-0.06498173583993024	-0.24370207296604365
