sub	ses	runtype	tr_0	tr_1	tr_2	tr_3	tr_4	tr_5	tr_6	tr_7	tr_8	tr_9	tr_10	tr_11	tr_12	tr_13	tr_14	tr_15	tr_16	tr_17	tr_18	tr_19
sub-0102	ses-01	pain	-0.25683838896761985	-1.6023579966976587	1.5429360134644314	-1.1895132036613107	1.3142813958961364	0.048656328660876935	-0.5952833252987746	0.2990184365910709	0.37364268371472525	-0.7270309151283957	0.5753716753584713	-0.20397797907147594	-0.879801065576028	0.6026486146500811	-0.7078846764858012	0.687958006438884	0.2713632593388454	-0.5715115432365487	0.01348081128487913	-0.534899994796834
sub-0102	ses-03	pain	-0.28502952857303165	0.09549366898305225	0.6676736295911891	-0.8867023627034987	0.8499293367586019	0.2407749188011244	-0.2803958665324146	0.8143060614729491	0.032479490321390844	-0.510887471522376	0.47878227251420197	-1.1625737188384555	0.5519292651289233	0.4213417313694169	-0.1784082916620748	-0.9144785683194955	1.61519448921534	-1.7366893915294197	1.657203481043189	-1.7028146074357224
sub-0102	ses-04	pain	0.863512067914151	-0.5878316192389534	0.7261289932568656	-2.015366443208765	3.0001818891113863	-6.661169192829531	45.9833338976483	-41.54538489600728	1.2272259710687214	-2.2998241537427178	1.0107251863885984	0.7757010553200503	-0.7396793325241294	0.12183277444344078	-0.5898797351950616	0.43937440922404697	-1.003432575424408	0.660068992917225	1.090514809643035	-1.8363155235259123
