sub	ses	runtype	tr_0	tr_1	tr_2	tr_3	tr_4	tr_5	tr_6	tr_7	tr_8	tr_9	tr_10	tr_11	tr_12	tr_13	tr_14	tr_15	tr_16	tr_17	tr_18	tr_19
sub-0090	ses-01	pain	-0.16461212766569167	0.32638604228748963	-0.7874923220427159	0.7553111860620164	-0.39796952400100716	-0.07031421400630117	0.6259439010665847	-0.9558552024031091	0.603218799442308	-1.0441965619376052	0.31068672766316485	-0.05042729209879436	0.6538229292506031	-0.5531273636648534	0.5979293865216491	0.050160806998787784	-0.3676329551599322	0.17617292106624735	-0.2820921870323476	-0.20479306614951961
sub-0090	ses-03	pain	-0.9156833513559579	0.7664207532599315	-0.4165111493988755	0.09228082347744704	0.20693405352299404	0.18841744922710638	-0.5123222392924308	0.2689408260987158	0.4017577661639877	-0.5791083734132595	-0.34731822165977233	0.30279079517759616	-0.12123806722833529	-0.3916199995069752	0.6079494235965709	-0.2979626812086319	0.33406894476364546	-0.4223153224713024	0.27104294399828116	-0.5062513851431568
sub-0090	ses-04	pain	-0.3058630982463955	0.18615170589405883	-0.20045184618647852	-0.029403787259305935	-0.362199045163544	0.991208297080981	-0.7659552928614279	0.28823319020385374	-0.11756357645162803	-0.4027015419379437	0.5051369581179367	-0.1962423054895554	0.018779837133616927	-0.47781696484794334	0.4541888339266168	-0.6860632357971709	0.6496776395514307	-0.553756481024488	0.8234647483365178	-0.5479422241497806
