sub	ses	runtype	tr_0	tr_1	tr_2	tr_3	tr_4	tr_5	tr_6	tr_7	tr_8	tr_9	tr_10	tr_11	tr_12	tr_13	tr_14	tr_15	tr_16	tr_17	tr_18	tr_19
sub-0100	ses-01	pain	0.12899597315817812	-0.09002091024511709	-0.4211663831665974	0.4446485939200173	-0.7955786998139637	0.8332862283823199	-0.4831823537347183	-0.3851613813975809	0.14574232253256683	0.27859687931985694	-0.3734586606867208	0.3025300267012006	-0.43874948610763403	0.629899478531588	-1.046602531841535	1.0267626877615468	-0.30224270101324724	-0.6497652047348402	-0.15659761221170668	0.6528474356364473
sub-0100	ses-03	pain	-0.2106748875743746	0.7511707146396891	-0.7627442633857877	-0.5033976084139479	1.3250373005177076	-1.6089124315481116	0.8743487165857531	-0.08908540476227285	0.3530907322975085	-0.43634478235891355	0.038123225647161155	-0.022875206628352907	0.17638819610948908	0.06883889728152076	-0.8514051398152096	0.9193145771698985	-1.4812602460021518	1.62976646420474	-1.0355835186485884	0.1510617985481118
sub-0100	ses-04	pain	-0.29667827929017837	-0.850914010743745	0.14105499524246176	0.03299223476480924	-0.5521054767132374	0.6534674904223955	0.07049085069395833	-0.8634263091051234	0.285756722535095	-0.2179875679104036	0.24660901523443562	0.0844407393498379	-1.1036934125206206	0.8479001195213138	-0.989410118818984	0.3635740080770732	0.19123674772816376	0.26002848138923135	-1.2401267369209665	0.780519315306021
