sub	ses	runtype	tr_0	tr_1	tr_2	tr_3	tr_4	tr_5	tr_6	tr_7	tr_8	tr_9	tr_10	tr_11	tr_12	tr_13	tr_14	tr_15	tr_16	tr_17	tr_18	tr_19
sub-0100	ses-01	pain	-0.4116728018083662	0.6041927110654912	-0.3043633988221556	0.47131838624861905	-0.7198293352976575	-0.09985802232627497	0.5032260611811435	-0.34821728028631455	0.10468054804580357	0.12606690810584895	-0.3225941979788298	0.007523776407008182	-0.07187226174011133	0.3308394319166923	-0.5635541501084762	0.32667111162944285	-0.355658642144087	0.10062480889927349	0.22623349500602483	-0.12548947729437876
sub-0100	ses-03	pain	-0.051860454612199874	-0.25093912679452635	0.6796320113310425	-0.9206251472912026	0.33054782996658844	-0.2783179177635285	0.2207393945190826	-0.07299272803473729	0.26053404648522044	-0.25859080562541736	-0.02471268337549741	0.1573111968492386	-0.7388367836259013	0.8265624463817414	-0.9405608843799023	0.2364169993158428	-0.15948404559527063	0.3436559629805257	-0.21778754631276973	0.14518310955754582
sub-0100	ses-04	pain	-0.5405137781608211	0.18735602377300717	-0.6465849884065712	0.6124687568280358	-1.918801090548179	2.0093128466102264	-0.7722688213763713	0.3912151001368937	-0.5024370361547961	-0.04772510920814081	0.11455667606284523	-0.5372526046176032	0.6827058088578822	-0.5836904696464053	-0.12985411537392988	-0.11736624749908149	0.1300384156928202	0.14782293708949626	-0.2691708924773867	-0.11145943047060558
