sub	ses	runtype	tr_0	tr_1	tr_2	tr_3	tr_4	tr_5	tr_6	tr_7	tr_8	tr_9	tr_10	tr_11	tr_12	tr_13	tr_14	tr_15	tr_16	tr_17	tr_18	tr_19
sub-0033	ses-01	pain	0.5434780148287687	0.015769114295114343	0.3779988800927826	-0.45432849299273353	0.7424491145244494	-1.0187136402985466	-0.3740421865146603	0.41140275567915824	0.32128454400107487	0.47554556938867604	-0.5400158733463334	-0.09839645845576782	0.22974476203352145	0.6714152080047031	-0.44281003837792665	0.7718559320920403	-1.0302968324993256	0.33420290376397255	-0.24522176869881895	0.3030817761780577
sub-0033	ses-03	pain	0.06609071601209376	0.04493949942847713	-0.24054870353120608	0.32904646126430753	0.22016341690924224	-0.18603448747376447	-0.2604897816772495	0.1884360096774831	-0.12013198403362992	0.19207840139961949	-0.5561271688419441	0.612040526130269	-0.3362292913943517	0.11395424751319248	-0.38701518187818784	0.6119743144634983	0.6894742259000938	-0.7635781747320128	0.4143609727046912	-0.5698485188001072
sub-0033	ses-04	pain	0.46319886557204326	0.17662724046536102	-0.046948936156489526	-0.32538858048743924	0.06974782222265243	-0.5375805769155007	0.5915058121747032	-0.5045114745505846	0.3440789421130973	-0.011740937136818596	-0.0815749225555313	0.3239799031803231	-0.1427519154803143	0.3268007490016453	-0.9043140224977355	0.6944397716822261	-0.4058248068977543	0.7750464361902127	-0.5046083281597081	0.15632196247993713
