sub	ses	runtype	tr_0	tr_1	tr_2	tr_3	tr_4	tr_5	tr_6	tr_7	tr_8	tr_9	tr_10	tr_11	tr_12	tr_13	tr_14	tr_15	tr_16	tr_17	tr_18	tr_19
sub-0033	ses-01	pain	1.0528962075386858	-0.3554633853297122	0.8367333013413484	-0.7375865891388876	0.5367255627138368	-0.7386333153155191	0.6128717062593265	-0.6512451359119177	0.8626528226972143	-0.8800531201400388	0.19400524605973657	0.31284131437360985	-0.15099602953170616	0.4353701973982863	0.03965066165557092	0.8032224686750206	-0.13142869270018198	-0.3328801926300069	0.3321247491392159	-0.6919514717010085
sub-0033	ses-03	pain	0.1931622534976325	-0.14129199360631067	-0.24951053904622664	0.8830584191742563	-0.5142939914944376	0.6891396034527048	-0.007548473978646663	0.4268605369128871	-0.6253854297151211	-0.07281512675815123	-0.3845915660943757	0.8811587206797427	-0.5838760045946517	0.4618672508115008	-0.65476789664657	-0.03500727127895637	1.455078079950952	-0.5370110003341643	0.5707795521629819	-1.5406295750265275
sub-0033	ses-04	pain	-0.4075366823495038	0.3984211664422747	-0.06392594915073159	0.38060158678767186	-0.3835539706586152	0.02606812962695579	0.2633342936743215	-0.053998235865235895	0.036189954551682904	-0.44828405505815366	0.3418973935653279	-0.657359844802762	0.4411073181498472	-0.2099977324951298	0.1688043562087751	0.5597508113449096	-0.24630708937643359	0.7310686435517827	-0.5141022465962589	0.020602544308459838
