sub	ses	runtype	tr_0	tr_1	tr_2	tr_3	tr_4	tr_5	tr_6	tr_7	tr_8	tr_9	tr_10	tr_11	tr_12	tr_13	tr_14	tr_15	tr_16	tr_17	tr_18	tr_19
sub-0044	ses-01	pain	0.08008371576473058	-0.010475853906035398	-0.35971468830786807	0.19716992922209386	-0.06839804543362338	0.0696789068714849	0.2916326110947296	-0.0569120548931637	0.32295749390965744	-0.013880652445658587	0.2540866278731808	0.22682337856939885	-0.23020204201114927	-0.3767673337811831	0.18066892942541316	-0.07390102663679185	-0.21167110397848807	0.4418567696981773	0.009201675580348343	0.12262138771583232
sub-0044	ses-03	pain	0.67823536618246	-0.09455288933716198	0.47188493302066714	-1.0245901611907806	0.6146190787828584	-0.1360891265163801	-0.10883037136122058	0.7297913960757175	-0.8600216002486907	0.6715127608061123	0.3531010111064829	-0.956335337681224	1.2754467657785762	-0.11245030681772705	-0.19207444064330614	-0.14558745224417838	0.333063006995234	0.10792599789573022	-0.424977017683189	0.41460478858108135
sub-0044	ses-04	pain	0.46746112014728075	-0.6993819392933094	0.11243583019806236	-0.7216632039012729	1.006920414590651	-0.5070657878185132	0.5681727569206788	-0.6760754557462242	0.3617511252422363	-0.68901222560341	0.7533282842711612	0.1351766956316745	-0.4187411089925764	0.3343388087165681	-0.08018712791586986	-0.2788814076404993	-0.02672034872933175	0.2340334601847197	-0.2520662777931025	0.42632617325505073
