event01_cue_onset	event02_expect_displayonset	event03_stimulus_displayonset	event04_actual_displayonset	param_cue_type	param_stimulus_type	event02_expect_RT	event02_expect_angle	event04_actual_RT	event04_actual_angle	cue_con	stim_lin	stim_quad
4.995800018310547	7.596770286560059	18.78193998336792	28.804680109024048	low_cue	high_stim	1.75310659408569	0.2348174537936389	1.51746916770935	67.4181674257385	-1	1	1
37.39122009277344	39.6920702457428	51.98126006126404	65.50170016288757	high_cue	med_stim	2.3244876861572297	67.8572943001546	1.93423700332642	17.1879904827736	1	0	-2
70.68696999549866	72.98782014846802	79.88156008720398	88.2935299873352	low_cue	low_stim	1.7341234683990498	1.84019525639278	2.03972172737122	9.538462733986131	-1	-1	1
100.19797015190125	102.79894018173218	110.18154001235962	123.70673990249634	high_cue	low_stim	2.35103154182434	25.1148348861446	1.66744685173035	0.0	1	-1	1
132.59338998794556	135.21103024482727	147.4857201576233	156.40226006507874	low_cue	med_stim	1.18887996673584	9.38551826004307	2.03427195549011	104.147605387002	-1	0	-2
165.28890991210938	167.58977007865906	179.78070998191833	190.59835004806519	high_cue	high_stim	1.3434896469116202	53.498558879493714	1.651691198349	0.767308315089695	1	1	1
199.38495993614197	201.7858600616455	214.0809600353241	230.99675011634827	low_cue	low_stim	1.28396582603455	1.38035407344445	2.26998782157898	3.23100990036821	-1	-1	1
236.39876008033752	239.09977006912231	247.3807601928711	261.2080202102661	low_cue	high_stim	1.50074934959412	2.29979942179199	2.2344210147857697	65.0803356301676	-1	1	1
266.49331998825073	269.69450998306274	280.18092012405396	290.7023501396179	high_cue	high_stim	1.80539774894714	50.726847258911285	3.11799430847168	51.842773412630905	1	1	1
304.49082016944885	307.39191007614136	319.5808701515198	329.7002201080322	high_cue	med_stim	1.17470264434814	60.454556215124505	2.51776432991028	5.54977942321874	1	0	-2
335.88586020469666	338.2867600917816	346.58103013038635	358.2942202091217	high_cue	low_stim	2.08433318138123	50.5484662937181	1.95579075813293	23.7748653160852	1	-1	1
371.18235993385315	373.0997402667999	385.18083000183105	394.907870054245	low_cue	med_stim	2.01752972602844	0.465809082764994	1.96760487556458	0.0	-1	0	-2
