sub	ses	runtype	tr_0	tr_1	tr_2	tr_3	tr_4	tr_5	tr_6	tr_7	tr_8	tr_9	tr_10	tr_11	tr_12	tr_13	tr_14	tr_15	tr_16	tr_17	tr_18	tr_19
sub-0016	ses-01	pain	0.3210435910469146	-0.5491738064762682	0.18501072450315462	0.5289634220190836	-0.743414173151009	0.4463988623461595	-0.07078609810795124	0.21636991872637698	-0.16437074126185913	0.13676330915631163	0.2230886745650587	0.3610557659271158	-0.802951355202228	0.8073622914796386	-0.11164580777984737	-0.5133286399252881	0.6464917265987435	-0.1982869032330472	0.10176464570807517	-0.02682752914371242
sub-0016	ses-03	pain	0.45991082094005437	-0.34293361291264096	-0.4938957813879191	0.9306688469404268	-1.3913777509934666	1.385849749029072	-1.2993526653302805	1.3640546462046277	-1.5533328655697256	1.3740555423340475	-1.50680732280418	1.5615282709213107	-1.0095799399211987	1.002355385080564	-0.9315269796513529	0.5173405888758239	0.02885212198091409	-0.21268606734416082	-0.4134872309037174	-0.012847336692742739
sub-0016	ses-04	pain	0.23121285405033556	-0.13758258080837582	0.08511382643433614	-0.612001144505722	0.6049582736467966	-0.8708993477331644	0.7845199431229181	-0.4333989367561496	0.14458387649110524	-0.18715397476834153	0.2955747870564094	0.058027011059924236	0.10135244812480437	-0.5253853606597483	0.48882631802408155	-0.23100975820920744	1.1486258491773467	-0.4201027777066235	-0.22025653316853452	-0.16070695564989407
