sub	ses	runtype	tr_0	tr_1	tr_2	tr_3	tr_4	tr_5	tr_6	tr_7	tr_8	tr_9	tr_10	tr_11	tr_12	tr_13	tr_14	tr_15	tr_16	tr_17	tr_18	tr_19
sub-0016	ses-01	pain	0.09749046209937988	-0.4909771321026881	0.17504628496208827	0.10731579308789554	-0.3558526606322054	0.7229108633432132	-0.31349969208899486	0.2012218555766253	0.43217541424029393	-1.5188966238540442	1.428678923272093	-1.2301627041245804	0.9630700657909937	-0.741424108923754	0.8994795387238571	-1.5665865722058658	1.6785772674106334	-0.7032979292788561	0.951853244327506	-0.4081433871259942
sub-0016	ses-03	pain	0.4463038418057986	-0.5616577305479727	-0.16447992189478186	0.10492000859485844	0.13953771228016243	-0.5194414070806124	0.15604863568532798	0.2534051618546281	-0.7052991652213731	-0.0009261630296774076	0.5106726588963506	-0.56297323695727	0.20298511506127465	-0.042978620646655544	-0.1170749833069977	0.22106836568424337	-0.3039111769273826	0.12281325493699947	0.35404703703380047	-0.83234968223837
sub-0016	ses-04	pain	-0.6610978105147152	0.01890374903521781	0.1649391278095988	-0.42321347709136353	0.937511655638164	-0.730236313243637	0.44589254208922846	-0.1816939118983495	-0.31573730176673304	-0.05822806696274392	0.30032794289660497	-0.5009712148455147	0.3539434154241642	-0.6377153167339792	0.6333153770047267	-0.4408149091501663	0.9806540789691339	-0.5835523207235732	0.05410786132123068	-0.12542102166490418
