sub	ses	runtype	tr_0	tr_1	tr_2	tr_3	tr_4	tr_5	tr_6	tr_7	tr_8	tr_9	tr_10	tr_11	tr_12	tr_13	tr_14	tr_15	tr_16	tr_17	tr_18	tr_19
sub-0061	ses-01	pain	-0.0997125319402447	1.1016389762467593	-0.9927782451144725	0.248438379911287	0.2370311596692392	-0.11142505826591807	0.29938180365399664	-0.48920738132766983	-0.39101231679541876	0.6334170803076389	-0.8753468821817582	1.4191112652659643	-0.698848912473672	0.0688995876144984	0.039458183991629134	0.5735806738715117	-0.4044333698635668	0.8146693334427269	-0.16776717496984364	-0.5015055395272526
sub-0061	ses-03	pain	0.2431247547679716	0.09201507203109732	-0.5299314703526994	0.35573314923646543	-0.776964362900965	1.5717234809110787	-0.45567701834394986	0.44455570678133133	-0.5197801092687702	-0.6449312593150779	0.2633463767479484	-0.16545841733617503	0.315315727408499	-0.1647926245800265	1.3417198277828613	-0.6337276392766164	0.5974081105856901	-0.5160926128531478	1.0974723827130055	-1.697499534843349
sub-0061	ses-04	pain	0.10240023813993633	-0.5128212870738201	0.4707330405506174	0.4947569811374881	-0.8649841160797646	0.4414970433498338	0.26078322391932346	0.38723561758224656	0.18642838541235124	1.193045338649663	-0.3591810617578725	0.23762811609988702	-0.23733668691073057	1.5389669039625138	-0.23101036225581117	0.25418599202938585	-0.42135950064880845	0.3815221252625518	0.2193854774747215	0.284418285850248
