sub	ses	runtype	tr_0	tr_1	tr_2	tr_3	tr_4	tr_5	tr_6	tr_7	tr_8	tr_9	tr_10	tr_11	tr_12	tr_13	tr_14	tr_15	tr_16	tr_17	tr_18	tr_19
sub-0061	ses-01	pain	-0.013832052649158676	-0.31361716988990185	0.6247446474423735	-0.9346773821794386	1.0261889183581372	-0.5377222918082708	0.323471297381327	-0.10410337090102809	0.13804882147955208	-0.16768793140577143	-0.0332960911330055	-0.16780284666240033	-0.14796198910343966	-0.39372172153051765	0.03653433736668298	0.6906577682807706	-0.581462858316693	0.46206459633065333	0.4423419574500283	-0.48004263798738445
sub-0061	ses-03	pain	0.05453561978983452	0.057044667072391496	-0.21372532875916617	0.13067211124115496	-0.12279096002164133	0.7191252857930319	-0.026585894934976463	0.5958485091077964	-0.5301595791404303	-0.6926880421514396	0.5634052829649233	0.586618647635485	-0.7042814389234161	-0.40840870049629624	1.650050288513241	-0.5349412963251952	-0.3081756347371578	0.4337192445873742	0.5740707655550362	-0.8030937529364816
sub-0061	ses-04	pain	-0.25998689585327844	0.29262326776993347	0.17304439335250357	-0.4369562128605253	0.21578873513941946	0.14806754601152483	0.73691907142657	-0.39392614616515403	1.0344920538653968	-0.6357031632941301	0.2298307874918635	-0.12872195893803082	1.0619047994790227	0.14898906288327377	0.4236643834237865	-0.07489831113506883	0.8594069837756122	0.09392952715274577	-0.18743823875004592	0.7214353596057096
