sub	ses	runtype	tr_0	tr_1	tr_2	tr_3	tr_4	tr_5	tr_6	tr_7	tr_8	tr_9	tr_10	tr_11	tr_12	tr_13	tr_14	tr_15	tr_16	tr_17	tr_18	tr_19
sub-0061	ses-01	pain	-0.08593388374558467	-0.21085526240464958	0.2527341142470464	-0.16039553334922826	0.5945370656696777	-0.5162260898273524	0.19727890774164777	-0.16506845334246956	0.22286111638766312	-0.09969361456416839	0.3089299166693036	0.04602227119252885	-0.23310041683211094	0.2485472452233888	-0.34120966540398334	0.31066645797137077	0.16625461313938256	0.2959311708830323	0.2470165594523401	-0.7259991685316022
sub-0061	ses-03	pain	-0.490523763945656	0.3736937400624208	-0.2168299620709915	0.4212360623901868	-0.002768214933278658	-0.8580701319081049	0.8168852207006877	1.2515262294485043	-0.5076005430155033	0.06493259074254391	0.3540263930131554	0.3487254632218431	-0.04104909605134585	-1.0314112917940004	1.3820075128398037	-0.47672179600174025	-0.3664973244660863	0.4714545758980415	0.793875535162792	-0.73352240281941
sub-0061	ses-04	pain	-0.6040199950444978	0.46153719448475994	-0.3475661049190965	-0.37781981212165155	1.2567588275547525	-0.6042849321161199	0.2974073178274858	0.7142826656434285	0.23823089823785534	0.15845974568727025	-0.3739126806424397	1.4387435123675432	0.08704308940236609	-0.03057638319240947	-0.5492400483843416	0.8145722208015348	0.44149748896096447	0.6153548546456863	-0.29196712819732284	0.5172957678149241
